"x","y","z","mx","my","mz"
0,0,0,-7.1246e-05,-0.0010689,-1
9e-04,0,0,-5.6964e-05,0.0090267,-0.99932
0.0018,0,0,-4.2682e-05,0.019122,-0.99864
0.0027,0,0,-2.8401e-05,0.029218,-0.99797
0.0036,0,0,-1.4119e-05,0.039314,-0.99729
0.0045,0,0,1.6271e-07,0.049409,-0.99661
0.0054,0,0,1.4444e-05,0.059505,-0.99593
0.0063,0,0,2.8726e-05,0.069601,-0.99525
0.0072,0,0,4.3008e-05,0.079696,-0.99458
0.0081,0,0,5.7289e-05,0.089792,-0.9939
0.009,0,0,7.1571e-05,0.099888,-0.99322
0.0099,0,0,8.5853e-05,0.10998,-0.99254
0.0108,0,0,0.00010494,0.12,-0.99168
0.0117,0,0,0.00012536,0.12995,-0.99055
0.0126,0,0,0.00013322,0.13974,-0.98841
0.0135,0,0,0.00014109,0.14953,-0.98627
0.0144,0,0,0.00014896,0.15933,-0.98414
0.0153,0,0,0.00015683,0.16912,-0.982
0.0162,0,0,0.00016469,0.17891,-0.97986
0.0171,0,0,0.00017256,0.1887,-0.97772
0.018,0,0,0.00018043,0.1985,-0.97558
0.0189,0,0,0.0001883,0.20829,-0.97345
0.0198,0,0,0.00019616,0.21808,-0.97131
0.0207,0,0,0.00020403,0.22787,-0.96917
0.0216,0,0,0.0002119,0.23767,-0.96703
0.0225,0,0,0.00021977,0.24746,-0.9649
0.0234,0,0,0.00022763,0.25725,-0.96276
0.0243,0,0,0.0002355,0.26705,-0.96062
0.0252,0,0,0.00024257,0.27684,-0.95848
0.0261,0,0,0.00024704,0.28664,-0.95631
0.027,0,0,0.0002515,0.29644,-0.95415
0.0279,0,0,0.00018338,0.30611,-0.95165
0.0288,0,0,9.9006e-05,0.31521,-0.94773
0.0297,0,0,5.7895e-05,0.32435,-0.94378
0.0306,0,0,1.6784e-05,0.33348,-0.93983
0.0315,0,0,-2.4327e-05,0.34262,-0.93587
0.0324,0,0,-6.5438e-05,0.35175,-0.93192
0.0333,0,0,-0.00010655,0.36089,-0.92797
0.0342,0,0,-0.00014766,0.37002,-0.92402
0.0351,0,0,-0.00018877,0.37916,-0.92006
0.036,0,0,-0.00022988,0.38829,-0.91611
0.0369,0,0,-0.00027099,0.39743,-0.91216
0.0378,0,0,-0.0003121,0.40656,-0.90821
0.0387,0,0,-0.00035322,0.4157,-0.90425
0.0396,0,0,-0.00039433,0.42483,-0.9003
0.0405,0,0,-0.00043544,0.43397,-0.89635
0.0414,0,0,-0.00047655,0.4431,-0.8924
0.0423,0,0,-0.00051766,0.45224,-0.88844
0.0432,0,0,-0.00052548,0.46124,-0.88435
0.0441,0,0,-0.00035408,0.46957,-0.87948
0.045,0,0,-0.00018268,0.4779,-0.87461
0.0459,0,0,-1.1284e-05,0.48622,-0.86975
0.0468,0,0,0.00016011,0.49455,-0.86488
0.0477,0,0,0.00033151,0.50288,-0.86001
0.0486,0,0,0.00050291,0.5112,-0.85514
0.0495,0,0,0.00067431,0.51953,-0.85028
0.0504,0,0,0.0008457,0.52786,-0.84541
0.0513,0,0,0.0010171,0.53618,-0.84054
0.0522,0,0,0.00094923,0.54421,-0.83533
0.0531,0,0,0.00070222,0.552,-0.82987
0.054,0,0,0.00045521,0.55979,-0.8244
0.0549,0,0,0.0002082,0.56759,-0.81894
0.0558,0,0,-3.8803e-05,0.57538,-0.81347
0.0567,0,0,-0.00028581,0.58317,-0.80801
0.0576,0,0,-0.00035981,0.59084,-0.80216
0.0585,0,0,-0.00032879,0.59843,-0.79609
0.0594,0,0,-0.00029776,0.60602,-0.79002
0.0603,0,0,-0.00026674,0.61361,-0.78395
0.0612,0,0,-0.00023572,0.6212,-0.77788
0.0621,0,0,-0.00020469,0.62879,-0.77181
0.063,0,0,-0.00017367,0.63638,-0.76573
0.0639,0,0,-0.00014265,0.64396,-0.75966
0.0648,0,0,-0.00011163,0.65155,-0.75359
0.0657,0,0,-2.257e-05,0.65851,-0.74736
0.0666,0,0,8.1944e-05,0.6653,-0.74108
0.0675,0,0,0.00018646,0.6721,-0.73481
0.0684,0,0,0.00029097,0.67889,-0.72853
0.0693,0,0,0.00039549,0.68568,-0.72226
0.0702,0,0,5e-04,0.69247,-0.71598
0.0711,0,0,0.00060451,0.69926,-0.70971
0.072,0,0,0.00063648,0.706,-0.70337
0.0729,0,0,0.00040206,0.71254,-0.69678
0.0738,0,0,0.00016764,0.71909,-0.69018
0.0747,0,0,-6.678e-05,0.72564,-0.68359
0.0756,0,0,-0.0003012,0.73218,-0.677
0.0765,0,0,-0.00053562,0.73873,-0.67041
0.0774,0,0,-0.00077004,0.74527,-0.66382
0.0783,0,0,-0.00066027,0.75113,-0.65688
0.0792,0,0,-0.00053703,0.75696,-0.64994
0.0801,0,0,-0.00041378,0.76278,-0.64299
0.081,0,0,-0.00029054,0.76861,-0.63604
0.0819,0,0,-0.00016729,0.77444,-0.62909
0.0828,0,0,-4.4048e-05,0.78027,-0.62215
0.0837,0,0,7.9196e-05,0.7861,-0.6152
0.0846,0,0,0.00016469,0.79188,-0.60822
0.0855,0,0,-3.3339e-05,0.7973,-0.60105
0.0864,0,0,-0.00023137,0.80273,-0.59387
0.0873,0,0,-0.0004294,0.80816,-0.5867
0.0882,0,0,-0.00062744,0.81358,-0.57952
0.0891,0,0,-0.00056013,0.81859,-0.57217
0.09,0,0,-0.00035374,0.82337,-0.56473
0.0909,0,0,-0.00014735,0.82815,-0.55728
0.0918,0,0,5.9045e-05,0.83293,-0.54984
0.0927,0,0,0.00026544,0.83772,-0.54239
0.0936,0,0,0.00047183,0.8425,-0.53495
0.0945,0,0,0.00067823,0.84728,-0.5275
0.0954,0,0,0.00088462,0.85207,-0.52006
0.0963,0,0,0.0007496,0.85651,-0.51239
0.0972,0,0,0.00050745,0.86085,-0.50466
0.0981,0,0,0.00026531,0.86519,-0.49693
0.099,0,0,2.3158e-05,0.86953,-0.48919
0.0999,0,0,-0.00024353,0.87364,-0.4816
0.1008,0,0,-0.0005316,0.87755,-0.47412
0.1017,0,0,-0.00081966,0.88145,-0.46665
0.1026,0,0,-0.0011077,0.88536,-0.45918
0.1035,0,0,-0.001288,0.88921,-0.45164
0.1044,0,0,-0.00113,0.89289,-0.44392
0.1053,0,0,-0.00097207,0.89657,-0.43619
0.1062,0,0,-0.00081412,0.90026,-0.42846
0.1071,0,0,-0.00065616,0.90394,-0.42074
0.108,0,0,-0.0004982,0.90762,-0.41301
0.1089,0,0,-0.00034025,0.9113,-0.40529
0.1098,0,0,-0.00018229,0.91498,-0.39756
0.1107,0,0,-2.4339e-05,0.91867,-0.38984
0.1116,0,0,0.00013362,0.92235,-0.38211
0.1125,0,0,7.0543e-06,0.92538,-0.37447
0.1134,0,0,-0.00017504,0.92829,-0.36685
0.1143,0,0,-0.00035713,0.9312,-0.35923
0.1152,0,0,-0.00053923,0.93411,-0.35161
0.1161,0,0,-0.00072132,0.93702,-0.34399
0.117,0,0,-0.00090341,0.93993,-0.33637
0.1179,0,0,-0.0010176,0.94279,-0.32872
0.1188,0,0,-0.00079154,0.94543,-0.32091
0.1197,0,0,-0.00056549,0.94807,-0.3131
0.1206,0,0,-0.00033944,0.95071,-0.30529
0.1215,0,0,-0.0001134,0.95335,-0.29748
0.1224,0,0,0.00011265,0.95599,-0.28968
0.1233,0,0,0.00015057,0.95815,-0.28206
0.1242,0,0,0.00012921,0.96016,-0.2745
0.1251,0,0,0.00010785,0.96217,-0.26694
0.126,0,0,8.6489e-05,0.96417,-0.25939
0.1269,0,0,6.5129e-05,0.96618,-0.25183
0.1278,0,0,4.3769e-05,0.96819,-0.24427
0.1287,0,0,2.2409e-05,0.9702,-0.23672
0.1296,0,0,1.0483e-06,0.97221,-0.22916
0.1305,0,0,-2.0312e-05,0.97422,-0.2216
0.1314,0,0,-4.1672e-05,0.97623,-0.21404
0.1323,0,0,-0.00011747,0.97821,-0.2064
0.1332,0,0,-0.00033299,0.97982,-0.19879
0.1341,0,0,-0.00029694,0.98101,-0.19116
0.135,0,0,-0.00026088,0.98219,-0.18353
0.1359,0,0,-0.00022483,0.98338,-0.17591
0.1368,0,0,-0.00018878,0.98456,-0.16828
0.1377,0,0,-0.00015272,0.98575,-0.16065
0.1386,0,0,-0.00011667,0.98693,-0.15302
0.1395,0,0,-8.0618e-05,0.98812,-0.14539
0.1404,0,0,-4.4566e-05,0.9893,-0.13776
0.1413,0,0,-8.5134e-06,0.99049,-0.13014
0.1422,0,0,2.7539e-05,0.99167,-0.12251
0.1431,0,0,3.3817e-05,0.99268,-0.11499
0.144,0,0,-2.7949e-05,0.99328,-0.10772
0.1449,0,0,-8.9715e-05,0.99388,-0.10045
0.1458,0,0,-0.00015148,0.99448,-0.093173
0.1467,0,0,-0.00021325,0.99508,-0.085902
0.1476,0,0,-0.00027501,0.99567,-0.07863
0.1485,0,0,-0.00033678,0.99627,-0.071358
0.1494,0,0,-0.00039854,0.99687,-0.064087
0.1503,0,0,-0.00036316,0.99741,-0.056732
0.1512,0,0,-0.00023527,0.99789,-0.049298
0.1521,0,0,-0.00010739,0.99837,-0.041864
0.153,0,0,2.0491e-05,0.99885,-0.03443
0.1539,0,0,0.00019213,0.99909,-0.02724
0.1548,0,0,0.00040879,0.9991,-0.020301
0.1557,0,0,0.00062546,0.9991,-0.013362
0.1566,0,0,0.00081725,0.99909,-0.0064088
0.1575,0,0,0.00072828,0.99888,0.00071163
0.1584,0,0,0.0006393,0.99867,0.007832
0.1593,0,0,0.00055033,0.99847,0.014952
0.1602,0,0,0.00046136,0.99826,0.022073
0.1611,0,0,0.00037238,0.99805,0.029193
0.162,0,0,0.00028341,0.99785,0.036314
0.1629,0,0,0.00019443,0.99764,0.043434
0.1638,0,0,0.00010546,0.99743,0.050554
0.1647,0,0,1.6482e-05,0.99722,0.057675
0.1656,0,0,-2.46e-05,0.99676,0.064507
0.1665,0,0,-2.2373e-05,0.99605,0.07108
0.1674,0,0,-2.0146e-05,0.99535,0.077652
0.1683,0,0,-1.7919e-05,0.99465,0.084224
0.1692,0,0,-1.5691e-05,0.99395,0.090797
0.1701,0,0,-1.3464e-05,0.99324,0.097369
0.171,0,0,-1.1237e-05,0.99254,0.10394
0.1719,0,0,-9.0094e-06,0.99184,0.11051
0.1728,0,0,-6.7821e-06,0.99114,0.11709
0.1737,0,0,-4.5548e-06,0.99044,0.12366
0.1746,0,0,-2.3275e-06,0.98973,0.13023
0.1755,0,0,-1.0023e-07,0.98903,0.1368
0.1764,0,0,2.1271e-06,0.98833,0.14338
0.1773,0,0,4.3544e-06,0.98763,0.14995
0.1782,0,0,6.5817e-06,0.98692,0.15652
0.1791,0,0,8.809e-06,0.98622,0.16309
0.18,0,0,7.2311e-05,0.98547,0.1697
0.1809,0,0,8.7575e-05,0.98408,0.1759
0.1818,0,0,8.2585e-05,0.98268,0.18214
0.1827,0,0,7.7596e-05,0.98127,0.18837
0.1836,0,0,7.2606e-05,0.97987,0.19461
0.1845,0,0,6.7617e-05,0.97846,0.20084
0.1854,0,0,6.2627e-05,0.97706,0.20708
0.1863,0,0,5.7638e-05,0.97565,0.21331
0.1872,0,0,5.2648e-05,0.97425,0.21954
0.1881,0,0,4.7659e-05,0.97284,0.22578
0.189,0,0,4.2669e-05,0.97144,0.23201
0.1899,0,0,3.768e-05,0.97003,0.23825
0.1908,0,0,3.269e-05,0.96863,0.24448
0.1917,0,0,2.7701e-05,0.96722,0.25072
0.1926,0,0,2.2711e-05,0.96581,0.25695
0.1935,0,0,3.7762e-05,0.9643,0.26302
0.1944,0,0,9.8567e-05,0.96252,0.26872
0.1953,0,0,0.00015937,0.96075,0.27441
0.1962,0,0,0.00022018,0.95898,0.2801
0.1971,0,0,0.00028098,0.95721,0.2858
0.198,0,0,0.00034179,0.95543,0.29149
0.1989,0,0,0.00040259,0.95366,0.29718
0.1998,0,0,0.0004634,0.95189,0.30288
0.2007,0,0,0.0005242,0.95012,0.30857
0.2016,0,0,0.00058501,0.94834,0.31426
0.2025,0,0,0.00052645,0.94654,0.32001
0.2034,0,0,0.00038616,0.94472,0.3258
0.2043,0,0,0.00024586,0.94289,0.33159
0.2052,0,0,0.00010557,0.94107,0.33738
0.2061,0,0,-0.00018253,0.93901,0.34279
0.207,0,0,-0.00047479,0.93694,0.34818
0.2079,0,0,-0.00056263,0.93481,0.35349
0.2088,0,0,-0.00046158,0.93264,0.35871
0.2097,0,0,-0.00036053,0.93046,0.36394
0.2106,0,0,-0.00025948,0.92829,0.36916
0.2115,0,0,-0.00015843,0.92612,0.37438
0.2124,0,0,-5.7375e-05,0.92394,0.3796
0.2133,0,0,4.3677e-05,0.92177,0.38482
0.2142,0,0,0.00014473,0.91959,0.39005
0.2151,0,0,0.00024578,0.91742,0.39527
0.216,0,0,0.00034683,0.91524,0.40049
0.2169,0,0,0.00044788,0.91307,0.40571
0.2178,0,0,0.00054893,0.9109,0.41094
0.2187,0,0,0.00064999,0.90872,0.41616
0.2196,0,0,0.00075104,0.90655,0.42138
0.2205,0,0,0.00046734,0.90417,0.42635
0.2214,0,0,0.0001276,0.90177,0.43129
0.2223,0,0,-7.6769e-05,0.89933,0.43616
0.2232,0,0,-5.9228e-05,0.89685,0.44091
0.2241,0,0,-4.1688e-05,0.89436,0.44566
0.225,0,0,-2.4148e-05,0.89188,0.4504
0.2259,0,0,-6.6074e-06,0.88939,0.45515
0.2268,0,0,1.0933e-05,0.88691,0.4599
0.2277,0,0,2.8473e-05,0.88443,0.46465
0.2286,0,0,4.6014e-05,0.88194,0.4694
0.2295,0,0,6.3554e-05,0.87946,0.47415
0.2304,0,0,8.1094e-05,0.87697,0.4789
0.2313,0,0,9.8635e-05,0.87449,0.48365
0.2322,0,0,0.00011618,0.872,0.48839
0.2331,0,0,0.00013372,0.86952,0.49314
0.234,0,0,0.00012537,0.86703,0.49785
0.2349,0,0,-7.2769e-05,0.86446,0.5022
0.2358,0,0,-0.00027091,0.86189,0.50656
0.2367,0,0,-0.00024515,0.85918,0.51091
0.2376,0,0,-0.00016184,0.85644,0.51526
0.2385,0,0,-7.8536e-05,0.8537,0.51961
0.2394,0,0,4.7708e-06,0.85096,0.52396
0.2403,0,0,8.8077e-05,0.84821,0.52831
0.2412,0,0,0.00017138,0.84547,0.53266
0.2421,0,0,0.00025469,0.84273,0.53701
0.243,0,0,0.000338,0.83999,0.54136
0.2439,0,0,0.0004213,0.83724,0.54571
0.2448,0,0,0.00050461,0.8345,0.55006
0.2457,0,0,0.00052575,0.83175,0.55433
0.2466,0,0,0.00037022,0.82896,0.55838
0.2475,0,0,0.00021469,0.82618,0.56243
0.2484,0,0,5.9162e-05,0.82339,0.56648
0.2493,0,0,-9.6369e-05,0.82061,0.57053
0.2502,0,0,-0.0002519,0.81782,0.57457
0.2511,0,0,-0.00040743,0.81503,0.57862
0.252,0,0,-0.00043825,0.81223,0.58255
0.2529,0,0,-0.00030227,0.80939,0.58632
0.2538,0,0,-0.00016629,0.80655,0.59008
0.2547,0,0,-3.0314e-05,0.80372,0.59385
0.2556,0,0,0.00010566,0.80088,0.59761
0.2565,0,0,0.00024164,0.79804,0.60138
0.2574,0,0,0.00037762,0.79521,0.60514
0.2583,0,0,0.0005136,0.79237,0.60891
0.2592,0,0,0.00064958,0.78953,0.61267
0.2601,0,0,0.00078556,0.7867,0.61644
0.261,0,0,0.00073766,0.7838,0.62016
0.2619,0,0,0.00054784,0.78085,0.62386
0.2628,0,0,0.00035803,0.77791,0.62755
0.2637,0,0,0.00016821,0.77496,0.63125
0.2646,0,0,-2.1614e-05,0.77202,0.63494
0.2655,0,0,-0.00021143,0.76907,0.63864
0.2664,0,0,-0.00030801,0.76614,0.64204
0.2673,0,0,-0.00037796,0.76322,0.64536
0.2682,0,0,-0.00044791,0.76029,0.64868
0.2691,0,0,-0.00051785,0.75737,0.652
0.27,0,0,-0.0005878,0.75444,0.65532
0.2709,0,0,-0.00065775,0.75152,0.65864
0.2718,0,0,-0.0007277,0.74859,0.66196
0.2727,0,0,-0.00070402,0.74562,0.66534
0.2736,0,0,-0.00061217,0.7426,0.66874
0.2745,0,0,-0.00052031,0.73959,0.67215
0.2754,0,0,-0.00042846,0.73658,0.67556
0.2763,0,0,-0.00033661,0.73357,0.67897
0.2772,0,0,-0.00024475,0.73055,0.68238
0.2781,0,0,-0.0001529,0.72754,0.68579
0.279,0,0,-2.4262e-05,0.72455,0.68889
0.2799,0,0,0.0001088,0.72155,0.69195
0.2808,0,0,0.00024185,0.71856,0.69501
0.2817,0,0,0.00037491,0.71557,0.69807
0.2826,0,0,0.00045331,0.71257,0.7011
0.2835,0,0,0.00039529,0.70956,0.70408
0.2844,0,0,0.00033727,0.70655,0.70705
0.2853,0,0,0.00027924,0.70353,0.71003
0.2862,0,0,0.00022122,0.70052,0.713
0.2871,0,0,0.0001632,0.6975,0.71598
0.288,0,0,0.00010517,0.69449,0.71895
0.2889,0,0,4.7149e-05,0.69148,0.72192
0.2898,0,0,-1.0874e-05,0.68846,0.7249
0.2907,0,0,-6.8898e-05,0.68545,0.72787
0.2916,0,0,-5.3396e-05,0.68243,0.73076
0.2925,0,0,7.8222e-05,0.6794,0.7335
0.2934,0,0,0.00020984,0.67637,0.73625
0.2943,0,0,0.00034146,0.67335,0.73899
0.2952,0,0,0.00047308,0.67032,0.74173
0.2961,0,0,0.00049987,0.66727,0.74445
0.297,0,0,0.00043052,0.66419,0.74715
0.2979,0,0,0.00036117,0.66111,0.74985
0.2988,0,0,0.00029182,0.65803,0.75255
0.2997,0,0,0.00022247,0.65496,0.75525
0.3006,0,0,0.00015312,0.65188,0.75794
0.3015,0,0,8.3769e-05,0.6488,0.76064
0.3024,0,0,1.4419e-05,0.64573,0.76334
0.3033,0,0,2.3304e-05,0.64268,0.76586
0.3042,0,0,7.1563e-05,0.63964,0.7683
0.3051,0,0,0.00011982,0.63661,0.77073
0.306,0,0,0.00016808,0.63357,0.77317
0.3069,0,0,0.00021634,0.63054,0.77561
0.3078,0,0,0.0002646,0.6275,0.77804
0.3087,0,0,0.00031285,0.62447,0.78048
0.3096,0,0,0.00036111,0.62143,0.78292
0.3105,0,0,0.00040937,0.6184,0.78535
0.3114,0,0,0.00045763,0.61536,0.78779
0.3123,0,0,0.00050589,0.61233,0.79022
0.3132,0,0,0.00037746,0.60929,0.79262
0.3141,0,0,0.00021251,0.60625,0.79501
0.315,0,0,4.7555e-05,0.60321,0.7974
0.3159,0,0,-0.0001174,0.60017,0.79979
0.3168,0,0,-5.0608e-05,0.59715,0.80195
0.3177,0,0,2.8725e-05,0.59413,0.8041
0.3186,0,0,0.00010806,0.59111,0.80625
0.3195,0,0,0.00018739,0.58809,0.8084
0.3204,0,0,0.00026673,0.58506,0.81055
0.3213,0,0,0.00034606,0.58204,0.8127
0.3222,0,0,0.00042539,0.57902,0.81485
0.3231,0,0,0.00050473,0.576,0.817
0.324,0,0,0.00058406,0.57298,0.81915
0.3249,0,0,0.00055353,0.56995,0.82129
0.3258,0,0,0.00043503,0.5669,0.82341
0.3267,0,0,0.00031652,0.56386,0.82553
0.3276,0,0,0.00019801,0.56081,0.82765
0.3285,0,0,7.95e-05,0.55776,0.82977
0.3294,0,0,-3.9008e-05,0.55472,0.83189
0.3303,0,0,-6.4579e-05,0.55175,0.83377
0.3312,0,0,-8.4019e-05,0.54879,0.83563
0.3321,0,0,-0.00010346,0.54584,0.8375
0.333,0,0,-0.0001229,0.54288,0.83936
0.3339,0,0,-0.00014234,0.53992,0.84123
0.3348,0,0,-0.00016178,0.53696,0.84309
0.3357,0,0,-0.00018122,0.534,0.84496
0.3366,0,0,-0.00020066,0.53104,0.84682
0.3375,0,0,-0.0002201,0.52808,0.84869
0.3384,0,0,-0.00023954,0.52512,0.85055
0.3393,0,0,-0.00025898,0.52216,0.85242
0.3402,0,0,-0.00027842,0.5192,0.85428
0.3411,0,0,-0.00028743,0.51624,0.85615
0.342,0,0,-0.00021145,0.5132,0.85806
0.3429,0,0,-0.00013547,0.51016,0.85997
0.3438,0,0,-4.3069e-05,0.50717,0.8618
0.3447,0,0,8.3329e-05,0.50426,0.86346
0.3456,0,0,0.00011523,0.50134,0.86507
0.3465,0,0,0.00014087,0.49841,0.86669
0.3474,0,0,0.00016651,0.49549,0.8683
0.3483,0,0,0.00019215,0.49257,0.86991
0.3492,0,0,0.00021779,0.48964,0.87153
0.3501,0,0,0.00024343,0.48672,0.87314
0.351,0,0,0.00026907,0.4838,0.87475
0.3519,0,0,0.00029471,0.48087,0.87637
0.3528,0,0,0.00032035,0.47795,0.87798
0.3537,0,0,0.0003343,0.47501,0.8796
0.3546,0,0,0.00034536,0.47207,0.88123
0.3555,0,0,0.00035643,0.46913,0.88285
0.3564,0,0,0.00036749,0.46618,0.88448
0.3573,0,0,0.00037855,0.46324,0.8861
0.3582,0,0,0.00038961,0.4603,0.88773
0.3591,0,0,0.00036729,0.45741,0.8892
0.36,0,0,0.00033362,0.45454,0.89062
0.3609,0,0,0.00029996,0.45166,0.89204
0.3618,0,0,0.00026629,0.44879,0.89346
0.3627,0,0,0.00024348,0.4459,0.89489
0.3636,0,0,0.00022296,0.443,0.89632
0.3645,0,0,0.00020243,0.4401,0.89775
0.3654,0,0,0.0001819,0.4372,0.89918
0.3663,0,0,0.00016137,0.4343,0.90061
0.3672,0,0,0.00014085,0.4314,0.90204
0.3681,0,0,0.00012032,0.4285,0.90348
0.369,0,0,0.00014278,0.42562,0.90487
0.3699,0,0,0.00024795,0.42278,0.90617
0.3708,0,0,0.00030606,0.41994,0.90746
0.3717,0,0,0.00027481,0.4171,0.90871
0.3726,0,0,0.00024355,0.41427,0.90996
0.3735,0,0,0.0002123,0.41144,0.91122
0.3744,0,0,0.00018104,0.4086,0.91247
0.3753,0,0,0.00014979,0.40577,0.91372
0.3762,0,0,0.00011854,0.40294,0.91497
0.3771,0,0,8.728e-05,0.4001,0.91622
0.378,0,0,5.6025e-05,0.39727,0.91747
0.3789,0,0,2.4771e-05,0.39444,0.91873
0.3798,0,0,-6.4842e-06,0.3916,0.91998
0.3807,0,0,-3.7739e-05,0.38877,0.92123
0.3816,0,0,-5.2212e-05,0.38594,0.92247
0.3825,0,0,4.3144e-05,0.38315,0.92361
0.3834,0,0,0.0001385,0.38035,0.92476
0.3843,0,0,0.00023386,0.37756,0.92591
0.3852,0,0,0.00026603,0.37482,0.92698
0.3861,0,0,0.00028684,0.37208,0.92803
0.387,0,0,0.00030765,0.36935,0.92909
0.3879,0,0,0.00032846,0.36661,0.93015
0.3888,0,0,0.00034928,0.36388,0.9312
0.3897,0,0,0.00037009,0.36114,0.93226
0.3906,0,0,0.0003909,0.35841,0.93332
0.3915,0,0,0.00037101,0.35564,0.93439
0.3924,0,0,0.0003435,0.35286,0.93547
0.3933,0,0,0.000316,0.35008,0.93655
0.3942,0,0,0.00028849,0.3473,0.93763
0.3951,0,0,0.00026098,0.34452,0.93871
0.396,0,0,0.000236,0.34175,0.93977
0.3969,0,0,0.00022641,0.33908,0.94068
0.3978,0,0,0.00021682,0.33641,0.94159
0.3987,0,0,0.00020724,0.33373,0.9425
0.3996,0,0,0.00019765,0.33106,0.94341
0.4005,0,0,0.00018806,0.32838,0.94432
0.4014,0,0,0.00017847,0.32571,0.94523
0.4023,0,0,0.00016889,0.32304,0.94614
0.4032,0,0,0.0001593,0.32036,0.94705
0.4041,0,0,0.00014971,0.31769,0.94796
0.405,0,0,0.00014012,0.31501,0.94887
0.4059,0,0,0.00013053,0.31234,0.94978
0.4068,0,0,0.00012095,0.30966,0.95069
0.4077,0,0,0.00011136,0.30699,0.9516
0.4086,0,0,1.8774e-05,0.3043,0.95252
0.4095,0,0,-6.0932e-05,0.30162,0.95341
0.4104,0,0,-6.8473e-05,0.29902,0.95419
0.4113,0,0,-7.6015e-05,0.29642,0.95498
0.4122,0,0,-6.0717e-05,0.29379,0.95575
0.4131,0,0,-3.0411e-05,0.29116,0.95653
0.414,0,0,-1.0374e-07,0.28853,0.9573
0.4149,0,0,3.0203e-05,0.2859,0.95808
0.4158,0,0,6.051e-05,0.28327,0.95885
0.4167,0,0,9.0817e-05,0.28064,0.95962
0.4176,0,0,0.00012112,0.27801,0.9604
0.4185,0,0,0.00015143,0.27537,0.96117
0.4194,0,0,0.00018174,0.27274,0.96195
0.4203,0,0,0.00021204,0.27011,0.96272
0.4212,0,0,0.00024235,0.26748,0.9635
0.4221,0,0,0.00025158,0.26489,0.96422
0.423,0,0,0.00023446,0.26235,0.96488
0.4239,0,0,0.00021734,0.25981,0.96554
0.4248,0,0,0.00020022,0.25727,0.9662
0.4257,0,0,0.0001831,0.25473,0.96686
0.4266,0,0,0.00016599,0.25219,0.96752
0.4275,0,0,0.00014887,0.24965,0.96818
0.4284,0,0,0.00013175,0.24711,0.96884
0.4293,0,0,0.00011463,0.24457,0.9695
0.4302,0,0,9.7514e-05,0.24203,0.97016
0.4311,0,0,8.0396e-05,0.23949,0.97082
0.432,0,0,6.3278e-05,0.23695,0.97148
0.4329,0,0,2.344e-05,0.23441,0.97213
0.4338,0,0,2.6895e-05,0.23192,0.97268
0.4347,0,0,3.1942e-05,0.22943,0.97322
0.4356,0,0,3.6989e-05,0.22694,0.97376
0.4365,0,0,4.2036e-05,0.22445,0.9743
0.4374,0,0,4.7083e-05,0.22196,0.97485
0.4383,0,0,5.213e-05,0.21948,0.97539
0.4392,0,0,5.7177e-05,0.21699,0.97593
0.4401,0,0,6.2224e-05,0.2145,0.97648
0.441,0,0,6.7271e-05,0.21201,0.97702
0.4419,0,0,7.2318e-05,0.20952,0.97756
0.4428,0,0,7.7365e-05,0.20703,0.97811
0.4437,0,0,8.2412e-05,0.20454,0.97865
0.4446,0,0,8.7459e-05,0.20205,0.97919
0.4455,0,0,9.2506e-05,0.19956,0.97974
0.4464,0,0,9.7553e-05,0.19707,0.98028
0.4473,0,0,0.0001026,0.19459,0.98082
0.4482,0,0,8.7775e-05,0.19215,0.98131
0.4491,0,0,6.1007e-05,0.18974,0.98176
0.45,0,0,3.4239e-05,0.18733,0.98221
0.4509,0,0,7.4714e-06,0.18492,0.98267
0.4518,0,0,-1.9296e-05,0.18251,0.98312
0.4527,0,0,-4.6064e-05,0.1801,0.98357
0.4536,0,0,-7.2832e-05,0.17769,0.98403
0.4545,0,0,-6.5234e-05,0.1753,0.98444
0.4554,0,0,-5.0266e-05,0.17292,0.98484
0.4563,0,0,-3.5299e-05,0.17054,0.98524
0.4572,0,0,-2.0332e-05,0.16816,0.98564
0.4581,0,0,-5.3642e-06,0.16577,0.98604
0.459,0,0,9.6032e-06,0.16339,0.98645
0.4599,0,0,2.4571e-05,0.16101,0.98685
0.4608,0,0,3.9538e-05,0.15863,0.98725
0.4617,0,0,5.4505e-05,0.15624,0.98765
0.4626,0,0,4.9904e-05,0.15386,0.98803
0.4635,0,0,3.9037e-05,0.15148,0.98841
0.4644,0,0,2.817e-05,0.1491,0.98878
0.4653,0,0,1.7302e-05,0.14672,0.98916
0.4662,0,0,5.2753e-08,0.14435,0.98952
0.4671,0,0,-5.1154e-05,0.14204,0.98981
0.468,0,0,-0.00010236,0.13973,0.99011
0.4689,0,0,-0.00015357,0.13742,0.9904
0.4698,0,0,-0.00020477,0.13512,0.9907
0.4707,0,0,-0.00021675,0.13281,0.991
0.4716,0,0,-0.00019163,0.13049,0.99129
0.4725,0,0,-0.00016651,0.12817,0.99159
0.4734,0,0,-0.00014139,0.12586,0.99189
0.4743,0,0,-0.00011627,0.12354,0.99219
0.4752,0,0,-9.115e-05,0.12122,0.99249
0.4761,0,0,-6.603e-05,0.11891,0.99279
0.477,0,0,-4.0911e-05,0.11659,0.99309
0.4779,0,0,-1.5791e-05,0.11428,0.99338
0.4788,0,0,9.3286e-06,0.11196,0.99368
0.4797,0,0,2.9626e-05,0.10966,0.99396
0.4806,0,0,3.7164e-05,0.10742,0.99418
0.4815,0,0,4.4702e-05,0.10517,0.99439
0.4824,0,0,5.2239e-05,0.10293,0.99461
0.4833,0,0,5.9777e-05,0.10069,0.99483
0.4842,0,0,6.7315e-05,0.098442,0.99505
0.4851,0,0,7.4853e-05,0.096198,0.99527
0.486,0,0,8.239e-05,0.093954,0.99548
0.4869,0,0,8.9928e-05,0.09171,0.9957
0.4878,0,0,9.7466e-05,0.089466,0.99592
0.4887,0,0,0.000105,0.087222,0.99614
0.4896,0,0,0.00011254,0.084978,0.99635
0.4905,0,0,0.00010591,0.082732,0.99657
0.4914,0,0,8.6004e-05,0.080529,0.99672
0.4923,0,0,7.7843e-05,0.078318,0.99687
0.4932,0,0,6.9682e-05,0.076107,0.99703
0.4941,0,0,6.1521e-05,0.073896,0.99718
0.495,0,0,5.336e-05,0.071685,0.99733
0.4959,0,0,4.5199e-05,0.069474,0.99748
0.4968,0,0,3.7038e-05,0.067263,0.99763
0.4977,0,0,2.8877e-05,0.065053,0.99778
0.4986,0,0,2.0716e-05,0.062842,0.99794
0.4995,0,0,1.2555e-05,0.060631,0.99809
0.5004,0,0,4.3937e-06,0.05842,0.99824
0.5013,0,0,-3.7671e-06,0.056209,0.99839
0.5022,0,0,-9.3716e-06,0.054009,0.99853
0.5031,0,0,-4.5669e-07,0.051868,0.99862
0.504,0,0,8.4588e-06,0.049727,0.9987
0.5049,0,0,1.7374e-05,0.047586,0.99879
0.5058,0,0,2.6289e-05,0.045445,0.99887
0.5067,0,0,3.5204e-05,0.043305,0.99896
0.5076,0,0,4.4119e-05,0.041164,0.99904
0.5085,0,0,5.3034e-05,0.039023,0.99913
0.5094,0,0,6.195e-05,0.036882,0.99921
0.5103,0,0,7.0865e-05,0.034742,0.9993
0.5112,0,0,7.978e-05,0.032601,0.99938
0.5121,0,0,8.8695e-05,0.03046,0.99947
0.513,0,0,6.6805e-05,0.028305,0.99955
0.5139,0,0,4.2535e-05,0.026148,0.99963
0.5148,0,0,1.8465e-05,0.024,0.99971
0.5157,0,0,-4.357e-06,0.021908,0.99973
0.5166,0,0,-2.718e-05,0.019815,0.99975
0.5175,0,0,-4.462e-05,0.017718,0.99977
0.5184,0,0,-4.3109e-05,0.015606,0.9998
0.5193,0,0,-4.1599e-05,0.013494,0.99982
0.5202,0,0,-4.0088e-05,0.011383,0.99984
0.5211,0,0,-3.8578e-05,0.0092709,0.99987
0.522,0,0,-3.7067e-05,0.0071591,0.99989
0.5229,0,0,-3.5557e-05,0.0050474,0.99991
0.5238,0,0,-3.4046e-05,0.0029356,0.99994
0.5247,0,0,-3.2536e-05,0.00082389,0.99996
0.5256,0,0,-3.1025e-05,-0.0012879,0.99998
0.5265,0,0,-2.6138e-05,-0.003371,0.99998
0.5274,0,0,-1.7334e-05,-0.0054211,0.99995
0.5283,0,0,-8.5312e-06,-0.007471,0.99992
0.5292,0,0,2.7248e-07,-0.009521,0.99988
0.5301,0,0,9.0756e-06,-0.011571,0.99985
0.531,0,0,1.7879e-05,-0.013621,0.99982
0.5319,0,0,2.6682e-05,-0.015671,0.99979
0.5328,0,0,3.5486e-05,-0.017721,0.99975
0.5337,0,0,4.4289e-05,-0.019771,0.99972
0.5346,0,0,5.3093e-05,-0.021821,0.99969
0.5355,0,0,6.1896e-05,-0.023871,0.99966
0.5364,0,0,5.2128e-05,-0.025932,0.99962
0.5373,0,0,3.5116e-05,-0.027998,0.99959
0.5382,0,0,1.5086e-05,-0.030048,0.99954
0.5391,0,0,-1.2372e-05,-0.032057,0.99945
0.54,0,0,-2.8781e-05,-0.034072,0.99937
0.5409,0,0,-2.4511e-05,-0.036097,0.99928
0.5418,0,0,-2.024e-05,-0.038123,0.99919
0.5427,0,0,-1.597e-05,-0.040148,0.9991
0.5436,0,0,-1.17e-05,-0.042173,0.99902
0.5445,0,0,-7.4293e-06,-0.044198,0.99893
0.5454,0,0,-3.1587e-06,-0.046224,0.99884
0.5463,0,0,1.1116e-06,-0.048249,0.99875
0.5472,0,0,5.3822e-06,-0.050274,0.99866
0.5481,0,0,9.6524e-06,-0.052299,0.99858
0.549,0,0,1.3923e-05,-0.054325,0.99849
0.5499,0,0,1.8193e-05,-0.05635,0.9984
0.5508,0,0,2.1816e-05,-0.058342,0.99828
0.5517,0,0,2.5083e-05,-0.060317,0.99814
0.5526,0,0,2.835e-05,-0.062292,0.998
0.5535,0,0,3.1617e-05,-0.064267,0.99786
0.5544,0,0,3.4884e-05,-0.066242,0.99772
0.5553,0,0,3.8151e-05,-0.068216,0.99758
0.5562,0,0,4.1418e-05,-0.070191,0.99744
0.5571,0,0,4.4685e-05,-0.072166,0.9973
0.558,0,0,4.7952e-05,-0.074141,0.99716
0.5589,0,0,5.1219e-05,-0.076116,0.99702
0.5598,0,0,5.4486e-05,-0.07809,0.99688
0.5607,0,0,5.8507e-05,-0.080065,0.99675
0.5616,0,0,8.8521e-05,-0.082053,0.9966
0.5625,0,0,0.00011853,-0.08404,0.99646
0.5634,0,0,0.00012908,-0.085983,0.99627
0.5643,0,0,0.00013791,-0.087922,0.99608
0.5652,0,0,0.00013408,-0.089868,0.99589
0.5661,0,0,0.00011551,-0.091823,0.9957
0.567,0,0,9.694e-05,-0.093777,0.99551
0.5679,0,0,7.837e-05,-0.095732,0.99532
0.5688,0,0,5.9802e-05,-0.097687,0.99512
0.5697,0,0,4.1232e-05,-0.099642,0.99493
0.5706,0,0,2.2664e-05,-0.1016,0.99474
0.5715,0,0,4.0946e-06,-0.10355,0.99455
0.5724,0,0,-1.4474e-05,-0.10551,0.99436
0.5733,0,0,-3.3043e-05,-0.10746,0.99417
0.5742,0,0,-5.1612e-05,-0.10942,0.99398
0.5751,0,0,-6.5288e-05,-0.11136,0.99377
0.576,0,0,-7.1499e-05,-0.11328,0.99353
0.5769,0,0,-7.7711e-05,-0.1152,0.9933
0.5778,0,0,-8.3922e-05,-0.11712,0.99306
0.5787,0,0,-9.0134e-05,-0.11904,0.99282
0.5796,0,0,-9.6345e-05,-0.12096,0.99258
0.5805,0,0,-0.00010256,-0.12288,0.99235
0.5814,0,0,-0.00010877,-0.1248,0.99211
0.5823,0,0,-0.00011498,-0.12672,0.99187
0.5832,0,0,-0.00012119,-0.12864,0.99164
0.5841,0,0,-0.0001098,-0.13057,0.99139
0.585,0,0,-9.0318e-05,-0.13249,0.99115
0.5859,0,0,-7.083e-05,-0.13442,0.9909
0.5868,0,0,-5.3206e-05,-0.13635,0.99065
0.5877,0,0,-4.8846e-05,-0.13824,0.99037
0.5886,0,0,-4.4487e-05,-0.14014,0.99008
0.5895,0,0,-4.0127e-05,-0.14204,0.98979
0.5904,0,0,-3.5767e-05,-0.14393,0.9895
0.5913,0,0,-3.1407e-05,-0.14583,0.98921
0.5922,0,0,-2.9009e-05,-0.14773,0.98893
0.5931,0,0,-3.1165e-05,-0.14964,0.98864
0.594,0,0,-3.3321e-05,-0.15154,0.98835
0.5949,0,0,-3.5477e-05,-0.15345,0.98807
0.5958,0,0,-3.7633e-05,-0.15536,0.98778
0.5967,0,0,-3.9789e-05,-0.15727,0.9875
0.5976,0,0,-4.1945e-05,-0.15918,0.98721
0.5985,0,0,-4.4101e-05,-0.16108,0.98692
0.5994,0,0,-5.6192e-05,-0.16298,0.98662
0.6003,0,0,-7.5838e-05,-0.16486,0.98629
0.6012,0,0,-9.5483e-05,-0.16674,0.98596
0.6021,0,0,-0.00011513,-0.16863,0.98564
0.603,0,0,-0.00010735,-0.17052,0.9853
0.6039,0,0,-9.4994e-05,-0.17241,0.98496
0.6048,0,0,-8.2642e-05,-0.1743,0.98462
0.6057,0,0,-7.0289e-05,-0.1762,0.98428
0.6066,0,0,-5.7937e-05,-0.17809,0.98394
0.6075,0,0,-4.5584e-05,-0.17998,0.9836
0.6084,0,0,-3.3232e-05,-0.18187,0.98326
0.6093,0,0,-2.0879e-05,-0.18377,0.98292
0.6102,0,0,-8.5274e-06,-0.18566,0.98258
0.6111,0,0,3.8254e-06,-0.18755,0.98224
0.612,0,0,-2.2481e-06,-0.18943,0.98187
0.6129,0,0,-1.1345e-05,-0.1913,0.98149
0.6138,0,0,-2.0441e-05,-0.19318,0.98111
0.6147,0,0,-2.9538e-05,-0.19505,0.98073
0.6156,0,0,-3.8634e-05,-0.19693,0.98035
0.6165,0,0,-4.7731e-05,-0.1988,0.97997
0.6174,0,0,-5.6827e-05,-0.20068,0.97959
0.6183,0,0,-6.5924e-05,-0.20255,0.97921
0.6192,0,0,-7.502e-05,-0.20443,0.97883
0.6201,0,0,-8.4116e-05,-0.2063,0.97845
0.621,0,0,-6.1628e-05,-0.20819,0.97805
0.6219,0,0,-3.8028e-05,-0.21007,0.97766
0.6228,0,0,-1.4429e-05,-0.21195,0.97726
0.6237,0,0,5.8892e-06,-0.21383,0.97686
0.6246,0,0,1.3689e-05,-0.2157,0.97642
0.6255,0,0,2.149e-05,-0.21757,0.97598
0.6264,0,0,2.929e-05,-0.21944,0.97554
0.6273,0,0,3.7091e-05,-0.22131,0.97511
0.6282,0,0,4.4891e-05,-0.22318,0.97467
0.6291,0,0,5.2692e-05,-0.22505,0.97423
0.63,0,0,6.0492e-05,-0.22692,0.9738
0.6309,0,0,6.8292e-05,-0.22879,0.97336
0.6318,0,0,7.5449e-05,-0.23066,0.97292
0.6327,0,0,7.6683e-05,-0.23254,0.97249
0.6336,0,0,7.7917e-05,-0.23442,0.97205
0.6345,0,0,7.9152e-05,-0.2363,0.97162
0.6354,0,0,8.0386e-05,-0.23818,0.97118
0.6363,0,0,8.162e-05,-0.24006,0.97075
0.6372,0,0,6.1388e-05,-0.24194,0.97027
0.6381,0,0,3.6818e-05,-0.24381,0.96979
0.639,0,0,2.7046e-05,-0.2457,0.9693
0.6399,0,0,3.1497e-05,-0.24759,0.9688
0.6408,0,0,3.5947e-05,-0.24947,0.9683
0.6417,0,0,4.0398e-05,-0.25136,0.9678
0.6426,0,0,4.4849e-05,-0.25325,0.9673
0.6435,0,0,4.9299e-05,-0.25514,0.9668
0.6444,0,0,5.375e-05,-0.25703,0.9663
0.6453,0,0,5.82e-05,-0.25891,0.9658
0.6462,0,0,6.2651e-05,-0.2608,0.9653
0.6471,0,0,6.7101e-05,-0.26269,0.9648
0.648,0,0,7.1552e-05,-0.26458,0.9643
0.6489,0,0,7.6002e-05,-0.26647,0.9638
0.6498,0,0,8.0453e-05,-0.26836,0.9633
0.6507,0,0,7.1507e-05,-0.27025,0.96276
0.6516,0,0,6.1202e-05,-0.27214,0.96221
0.6525,0,0,5.0897e-05,-0.27403,0.96166
0.6534,0,0,4.0591e-05,-0.27592,0.96111
0.6543,0,0,3.0287e-05,-0.27781,0.96056
0.6552,0,0,1.9981e-05,-0.2797,0.96001
0.6561,0,0,1.9721e-05,-0.28159,0.95945
0.657,0,0,3.7194e-05,-0.28349,0.95889
0.6579,0,0,5.4666e-05,-0.28538,0.95832
0.6588,0,0,7.2139e-05,-0.28728,0.95775
0.6597,0,0,8.9611e-05,-0.28918,0.95719
0.6606,0,0,0.00010708,-0.29107,0.95662
0.6615,0,0,0.00012456,-0.29297,0.95605
0.6624,0,0,0.00014203,-0.29487,0.95549
0.6633,0,0,0.0001595,-0.29676,0.95492
0.6642,0,0,0.00016881,-0.29867,0.95434
0.6651,0,0,0.00015713,-0.30058,0.95371
0.666,0,0,0.00014546,-0.30249,0.95308
0.6669,0,0,0.00013378,-0.30441,0.95245
0.6678,0,0,0.00012211,-0.30632,0.95182
0.6687,0,0,0.00011043,-0.30823,0.95119
0.6696,0,0,9.8754e-05,-0.31015,0.95057
0.6705,0,0,8.7078e-05,-0.31206,0.94994
0.6714,0,0,7.5402e-05,-0.31397,0.94931
0.6723,0,0,6.3726e-05,-0.31589,0.94868
0.6732,0,0,5.2049e-05,-0.3178,0.94805
0.6741,0,0,4.0374e-05,-0.31971,0.94742
0.675,0,0,2.8697e-05,-0.32163,0.94679
0.6759,0,0,1.7022e-05,-0.32354,0.94617
0.6768,0,0,5.2243e-06,-0.32545,0.94554
0.6777,0,0,-1.8669e-05,-0.32738,0.94488
0.6786,0,0,-1.8776e-05,-0.32933,0.94418
0.6795,0,0,-1.7995e-05,-0.33129,0.94347
0.6804,0,0,-1.7214e-05,-0.33324,0.94277
0.6813,0,0,-1.6433e-05,-0.33519,0.94206
0.6822,0,0,-1.5652e-05,-0.33715,0.94136
0.6831,0,0,-1.4871e-05,-0.3391,0.94065
0.684,0,0,-1.409e-05,-0.34106,0.93995
0.6849,0,0,-1.3309e-05,-0.34301,0.93924
0.6858,0,0,-1.2528e-05,-0.34496,0.93854
0.6867,0,0,-1.1747e-05,-0.34692,0.93784
0.6876,0,0,-1.0966e-05,-0.34887,0.93713
0.6885,0,0,-1.0185e-05,-0.35082,0.93643
0.6894,0,0,-1.5041e-05,-0.3528,0.93566
0.6903,0,0,-2.0686e-05,-0.35477,0.93488
0.6912,0,0,-2.6332e-05,-0.35675,0.93411
0.6921,0,0,-3.1978e-05,-0.35873,0.93333
0.693,0,0,-3.7624e-05,-0.3607,0.93255
0.6939,0,0,-4.327e-05,-0.36268,0.93178
0.6948,0,0,-4.8916e-05,-0.36466,0.931
0.6957,0,0,-5.4562e-05,-0.36664,0.93022
0.6966,0,0,-5.9279e-05,-0.36861,0.92945
0.6975,0,0,-4.61e-05,-0.3706,0.92867
0.6984,0,0,-3.2921e-05,-0.37258,0.92788
0.6993,0,0,-1.9742e-05,-0.37456,0.9271
0.7002,0,0,-6.5618e-06,-0.37655,0.92632
0.7011,0,0,6.6171e-06,-0.37853,0.92554
0.702,0,0,1.9797e-05,-0.38052,0.92476
0.7029,0,0,2.0091e-05,-0.38253,0.92392
0.7038,0,0,1.7846e-05,-0.38455,0.92306
0.7047,0,0,1.5602e-05,-0.38657,0.92221
0.7056,0,0,1.3357e-05,-0.38859,0.92135
0.7065,0,0,1.5053e-06,-0.39062,0.92047
0.7074,0,0,-1.6417e-05,-0.39267,0.91957
0.7083,0,0,-3.4337e-05,-0.39471,0.91867
0.7092,0,0,-5.2259e-05,-0.39676,0.91777
0.7101,0,0,-7.018e-05,-0.3988,0.91688
0.711,0,0,-8.8102e-05,-0.40085,0.91598
0.7119,0,0,-0.00010602,-0.40289,0.91508
0.7128,0,0,-0.00012394,-0.40494,0.91418
0.7137,0,0,-0.00014187,-0.40698,0.91328
0.7146,0,0,-0.00015979,-0.40903,0.91238
0.7155,0,0,-0.00017771,-0.41108,0.91148
0.7164,0,0,-0.00019563,-0.41312,0.91059
0.7173,0,0,-0.00021355,-0.41517,0.90969
0.7182,0,0,-0.00018475,-0.41725,0.90873
0.7191,0,0,-0.00014964,-0.41933,0.90777
0.72,0,0,-0.00011452,-0.42142,0.90681
0.7209,0,0,-7.9413e-05,-0.4235,0.90584
0.7218,0,0,-4.43e-05,-0.42558,0.90488
0.7227,0,0,-3.8499e-05,-0.42771,0.90385
0.7236,0,0,-3.868e-05,-0.42984,0.9028
0.7245,0,0,-3.886e-05,-0.43196,0.90175
0.7254,0,0,-3.904e-05,-0.43409,0.9007
0.7263,0,0,-3.9221e-05,-0.43622,0.89965
0.7272,0,0,-3.9401e-05,-0.43835,0.89861
0.7281,0,0,-3.9581e-05,-0.44048,0.89756
0.729,0,0,-3.9762e-05,-0.44261,0.89651
0.7299,0,0,-3.9942e-05,-0.44474,0.89546
0.7308,0,0,-4.0122e-05,-0.44687,0.89441
0.7317,0,0,-4.0303e-05,-0.449,0.89336
0.7326,0,0,-4.0483e-05,-0.45113,0.89232
0.7335,0,0,-4.0663e-05,-0.45326,0.89127
0.7344,0,0,-4.0837e-05,-0.45539,0.89022
0.7353,0,0,-3.0683e-05,-0.45754,0.88914
0.7362,0,0,-2.053e-05,-0.45969,0.88806
0.7371,0,0,-6.9479e-06,-0.46188,0.88691
0.738,0,0,9.1916e-06,-0.46409,0.88572
0.7389,0,0,2.5332e-05,-0.4663,0.88452
0.7398,0,0,4.1472e-05,-0.46851,0.88333
0.7407,0,0,4.9058e-05,-0.47073,0.88213
0.7416,0,0,4.0763e-05,-0.47295,0.88092
0.7425,0,0,3.2468e-05,-0.47517,0.87972
0.7434,0,0,2.4173e-05,-0.47739,0.87851
0.7443,0,0,1.5878e-05,-0.47961,0.87731
0.7452,0,0,7.5835e-06,-0.48184,0.8761
0.7461,0,0,-7.1171e-07,-0.48406,0.8749
0.747,0,0,-9.0064e-06,-0.48628,0.87369
0.7479,0,0,-1.7302e-05,-0.4885,0.87248
0.7488,0,0,-2.5596e-05,-0.49072,0.87128
0.7497,0,0,-3.1263e-05,-0.49298,0.87
0.7506,0,0,-3.4869e-05,-0.49527,0.86865
0.7515,0,0,-3.8476e-05,-0.49756,0.86731
0.7524,0,0,-4.2082e-05,-0.49985,0.86597
0.7533,0,0,-4.5688e-05,-0.50213,0.86463
0.7542,0,0,-4.9294e-05,-0.50442,0.86328
0.7551,0,0,-5.29e-05,-0.50671,0.86194
0.756,0,0,-5.6506e-05,-0.509,0.8606
0.7569,0,0,-6.0112e-05,-0.51129,0.85926
0.7578,0,0,-7.4663e-05,-0.5136,0.85788
0.7587,0,0,-9.3015e-05,-0.51593,0.8565
0.7596,0,0,-0.00011137,-0.51825,0.85511
0.7605,0,0,-0.00012972,-0.52057,0.85373
0.7614,0,0,-0.00014807,-0.5229,0.85234
0.7623,0,0,-0.00016483,-0.52523,0.85093
0.7632,0,0,-0.00017364,-0.52762,0.84939
0.7641,0,0,-0.00018245,-0.53001,0.84784
0.765,0,0,-0.00019125,-0.5324,0.8463
0.7659,0,0,-0.00020006,-0.53479,0.84476
0.7668,0,0,-0.00020886,-0.53719,0.84322
0.7677,0,0,-0.00021767,-0.53958,0.84167
0.7686,0,0,-0.00022648,-0.54197,0.84013
0.7695,0,0,-0.00020267,-0.54437,0.83857
0.7704,0,0,-0.00017467,-0.54678,0.83702
0.7713,0,0,-0.00014667,-0.54919,0.83546
0.7722,0,0,-0.00011867,-0.55159,0.8339
0.7731,0,0,-9.0666e-05,-0.554,0.83235
0.774,0,0,-6.2665e-05,-0.55641,0.83079
0.7749,0,0,-3.4662e-05,-0.55882,0.82923
0.7758,0,0,-2.106e-05,-0.56126,0.82759
0.7767,0,0,-2.9399e-05,-0.56377,0.82581
0.7776,0,0,-3.7739e-05,-0.56627,0.82404
0.7785,0,0,-4.6078e-05,-0.56878,0.82226
0.7794,0,0,-5.4417e-05,-0.57128,0.82048
0.7803,0,0,-6.2757e-05,-0.57379,0.81871
0.7812,0,0,-7.1096e-05,-0.5763,0.81693
0.7821,0,0,-7.9436e-05,-0.5788,0.81516
0.783,0,0,-8.7775e-05,-0.58131,0.81338
0.7839,0,0,-9.6114e-05,-0.58381,0.8116
0.7848,0,0,-0.00010445,-0.58632,0.80983
0.7857,0,0,-0.00011279,-0.58882,0.80805
0.7866,0,0,-0.00011111,-0.59134,0.80626
0.7875,0,0,-9.9635e-05,-0.59386,0.80446
0.7884,0,0,-8.8157e-05,-0.59638,0.80266
0.7893,0,0,-8.0034e-05,-0.59897,0.80069
0.7902,0,0,-7.4287e-05,-0.60161,0.79861
0.7911,0,0,-6.8538e-05,-0.60425,0.79652
0.792,0,0,-6.279e-05,-0.60689,0.79444
0.7929,0,0,-5.7042e-05,-0.60953,0.79235
0.7938,0,0,-5.1294e-05,-0.61217,0.79026
0.7947,0,0,-4.5546e-05,-0.61481,0.78818
0.7956,0,0,-3.9798e-05,-0.61745,0.78609
0.7965,0,0,-3.4049e-05,-0.62009,0.78401
0.7974,0,0,-2.8301e-05,-0.62272,0.78192
0.7983,0,0,-2.5684e-05,-0.62536,0.77984
0.7992,0,0,-2.6205e-05,-0.628,0.77776
0.8001,0,0,-2.6727e-05,-0.63064,0.77568
0.801,0,0,-2.7249e-05,-0.63328,0.7736
0.8019,0,0,-2.777e-05,-0.63592,0.77153
0.8028,0,0,-2.8292e-05,-0.63856,0.76945
0.8037,0,0,-3.1131e-05,-0.64122,0.76732
0.8046,0,0,-4.5871e-05,-0.64397,0.76493
0.8055,0,0,-6.0611e-05,-0.64671,0.76254
0.8064,0,0,-6.0866e-05,-0.64948,0.7601
0.8073,0,0,-4.5768e-05,-0.65227,0.75761
0.8082,0,0,-3.0668e-05,-0.65505,0.75511
0.8091,0,0,-1.557e-05,-0.65784,0.75262
0.81,0,0,-4.7069e-07,-0.66062,0.75012
0.8109,0,0,1.4628e-05,-0.66341,0.74763
0.8118,0,0,2.9727e-05,-0.66619,0.74513
0.8127,0,0,4.4825e-05,-0.66898,0.74264
0.8136,0,0,5.9925e-05,-0.67176,0.74014
0.8145,0,0,7.5023e-05,-0.67455,0.73765
0.8154,0,0,9.0122e-05,-0.67734,0.73515
0.8163,0,0,0.00010522,-0.68012,0.73266
0.8172,0,0,0.00012032,-0.68291,0.73016
0.8181,0,0,0.00013542,-0.68569,0.72767
0.819,0,0,0.00014782,-0.68849,0.72514
0.8199,0,0,0.00013291,-0.69137,0.72229
0.8208,0,0,0.000118,-0.69426,0.71945
0.8217,0,0,0.00010309,-0.69715,0.7166
0.8226,0,0,8.8181e-05,-0.70004,0.71375
0.8235,0,0,7.3272e-05,-0.70292,0.71091
0.8244,0,0,5.8361e-05,-0.70581,0.70806
0.8253,0,0,5.466e-05,-0.70873,0.70512
0.8262,0,0,5.7947e-05,-0.71166,0.70213
0.8271,0,0,6.1234e-05,-0.7146,0.69913
0.828,0,0,6.4521e-05,-0.71753,0.69613
0.8289,0,0,6.7808e-05,-0.72047,0.69313
0.8298,0,0,7.1096e-05,-0.7234,0.69014
0.8307,0,0,7.4383e-05,-0.72634,0.68714
0.8316,0,0,7.767e-05,-0.72927,0.68414
0.8325,0,0,7.1803e-05,-0.73225,0.68088
0.8334,0,0,6.1496e-05,-0.73525,0.67748
0.8343,0,0,5.119e-05,-0.73825,0.67409
0.8352,0,0,4.0883e-05,-0.74125,0.67069
0.8361,0,0,3.0577e-05,-0.74425,0.6673
0.837,0,0,2.027e-05,-0.74725,0.6639
0.8379,0,0,9.9633e-06,-0.75025,0.66051
0.8388,0,0,-3.4369e-07,-0.75325,0.65712
0.8397,0,0,-1.065e-05,-0.75624,0.65372
0.8406,0,0,-2.0957e-05,-0.75924,0.65033
0.8415,0,0,-3.1263e-05,-0.76224,0.64693
0.8424,0,0,-4.157e-05,-0.76524,0.64354
0.8433,0,0,-5.3534e-05,-0.76824,0.64015
0.8442,0,0,-6.2557e-05,-0.77133,0.63621
0.8451,0,0,-6.6027e-05,-0.77443,0.63223
0.846,0,0,-6.9498e-05,-0.77753,0.62826
0.8469,0,0,-7.2968e-05,-0.78062,0.62429
0.8478,0,0,-7.6439e-05,-0.78372,0.62031
0.8487,0,0,-7.9909e-05,-0.78682,0.61634
0.8496,0,0,-8.338e-05,-0.78992,0.61237
0.8505,0,0,-8.685e-05,-0.79301,0.60839
0.8514,0,0,-9.0321e-05,-0.79611,0.60442
0.8523,0,0,-9.3791e-05,-0.79921,0.60045
0.8532,0,0,-9.7262e-05,-0.8023,0.59647
0.8541,0,0,-0.00010073,-0.8054,0.5925
0.855,0,0,-0.00010327,-0.8085,0.58844
0.8559,0,0,-0.00010039,-0.8116,0.58391
0.8568,0,0,-9.7498e-05,-0.8147,0.57938
0.8577,0,0,-9.461e-05,-0.81781,0.57484
0.8586,0,0,-9.1721e-05,-0.82091,0.57031
0.8595,0,0,-8.53e-05,-0.82402,0.56579
0.8604,0,0,-7.866e-05,-0.82712,0.56128
0.8613,0,0,-7.202e-05,-0.83023,0.55676
0.8622,0,0,-6.538e-05,-0.83334,0.55225
0.8631,0,0,-5.874e-05,-0.83644,0.54773
0.864,0,0,-5.21e-05,-0.83955,0.54322
0.8649,0,0,-5.682e-05,-0.84262,0.5381
0.8658,0,0,-6.2392e-05,-0.84569,0.53294
0.8667,0,0,-6.7963e-05,-0.84876,0.52778
0.8676,0,0,-7.3535e-05,-0.85183,0.52262
0.8685,0,0,-7.9107e-05,-0.8549,0.51746
0.8694,0,0,-8.4679e-05,-0.85797,0.5123
0.8703,0,0,-9.0251e-05,-0.86104,0.50714
0.8712,0,0,-9.5823e-05,-0.86411,0.50198
0.8721,0,0,-0.00010139,-0.86718,0.49682
0.873,0,0,-0.00010697,-0.87025,0.49166
0.8739,0,0,-0.00010616,-0.87332,0.48649
0.8748,0,0,-9.3968e-05,-0.8764,0.48129
0.8757,0,0,-8.1405e-05,-0.87943,0.4758
0.8766,0,0,-6.8181e-05,-0.88236,0.46979
0.8775,0,0,-6.6386e-05,-0.8853,0.46374
0.8784,0,0,-6.609e-05,-0.88824,0.45769
0.8793,0,0,-6.5794e-05,-0.89118,0.45164
0.8802,0,0,-6.5498e-05,-0.89413,0.44559
0.8811,0,0,-6.5201e-05,-0.89707,0.43954
0.882,0,0,-6.4905e-05,-0.90001,0.4335
0.8829,0,0,-6.4609e-05,-0.90295,0.42745
0.8838,0,0,-6.4313e-05,-0.90589,0.4214
0.8847,0,0,-6.4017e-05,-0.90883,0.41535
0.8856,0,0,-6.3721e-05,-0.91177,0.4093
0.8865,0,0,-6.3424e-05,-0.91471,0.40325
0.8874,0,0,-6.3128e-05,-0.91765,0.3972
0.8883,0,0,-5.7379e-05,-0.92033,0.39028
0.8892,0,0,-5.0674e-05,-0.92295,0.38321
0.8901,0,0,-4.3968e-05,-0.92558,0.37613
0.891,0,0,-3.7263e-05,-0.9282,0.36906
0.8919,0,0,-3.0557e-05,-0.93083,0.36199
0.8928,0,0,-2.3852e-05,-0.93346,0.35491
0.8937,0,0,-1.7146e-05,-0.93608,0.34784
0.8946,0,0,-1.0441e-05,-0.93871,0.34077
0.8955,0,0,-3.7353e-06,-0.94133,0.33369
0.8964,0,0,2.9699e-06,-0.94396,0.32662
0.8973,0,0,9.6756e-06,-0.94659,0.31955
0.8982,0,0,1.6381e-05,-0.94921,0.31247
0.8991,0,0,2.3086e-05,-0.95184,0.3054
0.9,0,0,2.9792e-05,-0.95446,0.29833
