"x","y","z","mx","my","mz"
0,0,-10.5,0.00080857,-0.0020053,-1
0.0915,0,-10.5,0.0066204,0.0068733,-0.99892
0.183,0,-10.5,0.012432,0.015752,-0.99784
0.2745,0,-10.5,0.018244,0.02463,-0.99677
0.366,0,-10.5,0.024056,0.033509,-0.99569
0.4575,0,-10.5,0.029868,0.042388,-0.99461
0.549,0,-10.5,0.035679,0.051266,-0.99354
0.6405,0,-10.5,0.041491,0.060145,-0.99246
0.732,0,-10.5,0.047303,0.069023,-0.99138
0.8235,0,-10.5,0.053115,0.077902,-0.99031
0.915,0,-10.5,0.058927,0.08678,-0.98923
1.0065,0,-10.5,0.064738,0.095659,-0.98815
1.098,0,-10.5,0.07055,0.10454,-0.98708
1.1895,0,-10.5,0.076383,0.11324,-0.9856
1.281,0,-10.5,0.082252,0.12164,-0.98341
1.3725,0,-10.5,0.088122,0.13004,-0.98122
1.464,0,-10.5,0.093991,0.13844,-0.97903
1.5555,0,-10.5,0.099861,0.14683,-0.97684
1.647,0,-10.5,0.10573,0.15523,-0.97465
1.7385,0,-10.5,0.1116,0.16363,-0.97246
1.83,0,-10.5,0.11747,0.17203,-0.97026
1.9215,0,-10.5,0.12334,0.18042,-0.96807
2.013,0,-10.5,0.12921,0.18882,-0.96588
2.1045,0,-10.5,0.13508,0.19722,-0.96369
2.196,0,-10.5,0.14095,0.20561,-0.9615
2.2875,0,-10.5,0.14682,0.21401,-0.95931
2.379,0,-10.5,0.15259,0.22238,-0.95675
2.4705,0,-10.5,0.15834,0.23074,-0.95408
2.562,0,-10.5,0.16408,0.2391,-0.9514
2.6535,0,-10.5,0.16983,0.24746,-0.94872
2.745,0,-10.5,0.17557,0.25582,-0.94604
2.8365,0,-10.5,0.18131,0.26418,-0.94337
2.928,0,-10.5,0.18706,0.27254,-0.94069
3.0195,0,-10.5,0.19276,0.28041,-0.93706
3.111,0,-10.5,0.19845,0.28825,-0.93337
3.2025,0,-10.5,0.20414,0.29609,-0.92969
3.294,0,-10.5,0.20984,0.30393,-0.92601
3.3855,0,-10.5,0.21553,0.31178,-0.92233
3.477,0,-10.5,0.22112,0.31941,-0.91815
3.5685,0,-10.5,0.22668,0.32698,-0.91381
3.66,0,-10.5,0.23223,0.33455,-0.90946
3.7515,0,-10.5,0.23779,0.34211,-0.90512
3.843,0,-10.5,0.24334,0.34968,-0.90078
3.9345,0,-10.5,0.24889,0.35725,-0.89643
4.026,0,-10.5,0.25445,0.36482,-0.89209
4.1175,0,-10.5,0.26,0.37238,-0.88775
4.209,0,-10.5,0.26549,0.3799,-0.88331
4.3005,0,-10.5,0.27051,0.38703,-0.87819
4.392,0,-10.5,0.27554,0.39416,-0.87307
4.4835,0,-10.5,0.28056,0.40129,-0.86796
4.575,0,-10.5,0.28559,0.40842,-0.86284
4.6665,0,-10.5,0.29061,0.41555,-0.85773
4.758,0,-10.5,0.29564,0.42268,-0.85261
4.8495,0,-10.5,0.30066,0.42982,-0.84749
4.941,0,-10.5,0.30569,0.43695,-0.84238
5.0325,0,-10.5,0.31071,0.44408,-0.83726
5.124,0,-10.5,0.31574,0.45121,-0.83215
5.2155,0,-10.5,0.32075,0.45808,-0.82672
5.307,0,-10.5,0.32573,0.46461,-0.82089
5.3985,0,-10.5,0.33072,0.47115,-0.81507
5.49,0,-10.5,0.3357,0.47768,-0.80924
5.5815,0,-10.5,0.34047,0.48408,-0.8033
5.673,0,-10.5,0.34485,0.49025,-0.79716
5.7645,0,-10.5,0.34924,0.49641,-0.79102
5.856,0,-10.5,0.35362,0.50258,-0.78488
5.9475,0,-10.5,0.35801,0.50874,-0.77874
6.039,0,-10.5,0.36239,0.51491,-0.77261
6.1305,0,-10.5,0.36678,0.52107,-0.76647
6.222,0,-10.5,0.37116,0.52723,-0.76033
6.3135,0,-10.5,0.37555,0.5334,-0.75419
6.405,0,-10.5,0.37993,0.53956,-0.74805
6.4965,0,-10.5,0.38431,0.54573,-0.74191
6.588,0,-10.5,0.3887,0.55189,-0.73577
6.6795,0,-10.5,0.39308,0.55806,-0.72963
6.771,0,-10.5,0.39747,0.56422,-0.72349
6.8625,0,-10.5,0.40144,0.5695,-0.71631
6.954,0,-10.5,0.40524,0.57479,-0.70898
7.0455,0,-10.5,0.40903,0.58008,-0.70165
7.137,0,-10.5,0.41283,0.58537,-0.69432
7.2285,0,-10.5,0.41663,0.59066,-0.68699
7.32,0,-10.5,0.42043,0.59595,-0.67965
7.4115,0,-10.5,0.42422,0.60125,-0.67232
7.503,0,-10.5,0.42802,0.60654,-0.66499
7.5945,0,-10.5,0.43182,0.61183,-0.65766
7.686,0,-10.5,0.43562,0.61712,-0.65033
7.7775,0,-10.5,0.43942,0.62241,-0.643
7.869,0,-10.5,0.44298,0.62713,-0.63562
7.9605,0,-10.5,0.44635,0.63137,-0.62821
8.052,0,-10.5,0.44973,0.63562,-0.6208
8.1435,0,-10.5,0.4531,0.63987,-0.61338
8.235,0,-10.5,0.45648,0.64412,-0.60597
8.3265,0,-10.5,0.45985,0.64837,-0.59856
8.418,0,-10.5,0.46322,0.65262,-0.59114
8.5095,0,-10.5,0.4666,0.65687,-0.58373
8.601,0,-10.5,0.46997,0.66112,-0.57632
8.6925,0,-10.5,0.47334,0.66537,-0.5689
8.784,0,-10.5,0.47672,0.66962,-0.56149
8.8755,0,-10.5,0.48015,0.67376,-0.55401
8.967,0,-10.5,0.48367,0.67772,-0.54642
9.0585,0,-10.5,0.48719,0.68169,-0.53883
9.15,0,-10.5,0.49071,0.68565,-0.53125
9.2415,0,-10.5,0.49423,0.68961,-0.52366
9.333,0,-10.5,0.49776,0.69358,-0.51607
9.4245,0,-10.5,0.50117,0.69746,-0.50845
9.516,0,-10.5,0.50359,0.70066,-0.50057
9.6075,0,-10.5,0.50601,0.70385,-0.49269
9.699,0,-10.5,0.50842,0.70705,-0.48481
9.7905,0,-10.5,0.51084,0.71025,-0.47693
9.882,0,-10.5,0.51326,0.71344,-0.46905
9.9735,0,-10.5,0.51568,0.71664,-0.46117
10.065,0,-10.5,0.51809,0.71983,-0.45329
10.157,0,-10.5,0.52051,0.72303,-0.4454
10.248,0,-10.5,0.52293,0.72622,-0.43752
10.34,0,-10.5,0.52535,0.72942,-0.42964
10.431,0,-10.5,0.52777,0.73261,-0.42176
10.522,0,-10.5,0.53018,0.73581,-0.41388
10.614,0,-10.5,0.5326,0.73901,-0.406
10.706,0,-10.5,0.53502,0.7422,-0.39812
10.797,0,-10.5,0.53744,0.7454,-0.39024
10.888,0,-10.5,0.54004,0.74834,-0.38227
10.98,0,-10.5,0.54293,0.75091,-0.37418
11.072,0,-10.5,0.54532,0.75293,-0.3664
11.163,0,-10.5,0.54729,0.7547,-0.3585
11.254,0,-10.5,0.54921,0.75644,-0.35057
11.346,0,-10.5,0.55113,0.75818,-0.34265
11.438,0,-10.5,0.55305,0.75992,-0.33472
11.529,0,-10.5,0.55497,0.76166,-0.3268
11.62,0,-10.5,0.55689,0.7634,-0.31888
11.712,0,-10.5,0.5588,0.76514,-0.31095
11.804,0,-10.5,0.56072,0.76687,-0.30303
11.895,0,-10.5,0.56264,0.76861,-0.2951
11.987,0,-10.5,0.56456,0.77035,-0.28718
12.078,0,-10.5,0.56648,0.77209,-0.27925
12.169,0,-10.5,0.5684,0.77383,-0.27133
12.261,0,-10.5,0.57031,0.77557,-0.2634
12.353,0,-10.5,0.57223,0.77731,-0.25548
12.444,0,-10.5,0.57423,0.77864,-0.24768
12.536,0,-10.5,0.5763,0.7796,-0.23999
12.627,0,-10.5,0.57837,0.78056,-0.23231
12.719,0,-10.5,0.57953,0.7816,-0.22464
12.81,0,-10.5,0.58068,0.78263,-0.21698
12.901,0,-10.5,0.58183,0.78366,-0.20931
12.993,0,-10.5,0.58299,0.78469,-0.20165
13.084,0,-10.5,0.58414,0.78573,-0.19398
13.176,0,-10.5,0.5853,0.78676,-0.18632
13.268,0,-10.5,0.58645,0.78779,-0.17866
13.359,0,-10.5,0.5876,0.78883,-0.17099
13.451,0,-10.5,0.58876,0.78986,-0.16333
13.542,0,-10.5,0.58991,0.79089,-0.15566
13.634,0,-10.5,0.59107,0.79192,-0.148
13.725,0,-10.5,0.59221,0.79295,-0.14031
13.816,0,-10.5,0.59327,0.79388,-0.13252
13.908,0,-10.5,0.59413,0.79406,-0.12499
13.999,0,-10.5,0.59505,0.79414,-0.1174
14.091,0,-10.5,0.59596,0.79422,-0.10981
14.183,0,-10.5,0.59688,0.79429,-0.10222
14.274,0,-10.5,0.59779,0.79437,-0.094626
14.366,0,-10.5,0.5987,0.79445,-0.087035
14.457,0,-10.5,0.59962,0.79452,-0.079445
14.548,0,-10.5,0.60053,0.7946,-0.071855
14.64,0,-10.5,0.60145,0.79468,-0.064265
14.731,0,-10.5,0.60236,0.79475,-0.056675
14.823,0,-10.5,0.60328,0.79483,-0.049085
14.915,0,-10.5,0.60419,0.79491,-0.041495
15.006,0,-10.5,0.60469,0.79485,-0.034158
15.098,0,-10.5,0.60486,0.7947,-0.027032
15.189,0,-10.5,0.60502,0.79454,-0.019906
15.281,0,-10.5,0.60519,0.79438,-0.01278
15.372,0,-10.5,0.60535,0.79422,-0.0056544
15.463,0,-10.5,0.60551,0.79406,0.0014714
15.555,0,-10.5,0.60568,0.79391,0.0085973
15.646,0,-10.5,0.60584,0.79375,0.015723
15.738,0,-10.5,0.60601,0.79359,0.022849
15.83,0,-10.5,0.60617,0.79343,0.029979
15.921,0,-10.5,0.60633,0.79313,0.037261
16.013,0,-10.5,0.6065,0.79283,0.044542
16.104,0,-10.5,0.60666,0.79253,0.051823
16.195,0,-10.5,0.60717,0.79185,0.0589
16.287,0,-10.5,0.60767,0.79093,0.065752
16.378,0,-10.5,0.60777,0.79,0.072431
16.47,0,-10.5,0.60787,0.78906,0.07911
16.562,0,-10.5,0.60798,0.78813,0.08579
16.653,0,-10.5,0.60794,0.78716,0.092605
16.745,0,-10.5,0.60787,0.78618,0.099458
16.836,0,-10.5,0.60781,0.7852,0.10631
16.928,0,-10.5,0.60774,0.78422,0.11316
17.019,0,-10.5,0.60767,0.78324,0.12001
17.11,0,-10.5,0.6076,0.78226,0.12687
17.202,0,-10.5,0.60753,0.78128,0.13372
17.293,0,-10.5,0.60746,0.7803,0.14057
17.385,0,-10.5,0.6074,0.77932,0.14742
17.477,0,-10.5,0.6073,0.77832,0.15423
17.568,0,-10.5,0.60692,0.77721,0.16045
17.66,0,-10.5,0.60653,0.77609,0.16668
17.751,0,-10.5,0.60615,0.77498,0.1729
17.842,0,-10.5,0.60576,0.77386,0.17913
17.934,0,-10.5,0.60538,0.77258,0.18543
18.025,0,-10.5,0.60501,0.7712,0.19177
18.117,0,-10.5,0.60463,0.76982,0.19811
18.209,0,-10.5,0.60426,0.76843,0.20445
18.3,0,-10.5,0.60388,0.76705,0.21079
18.392,0,-10.5,0.60351,0.76567,0.21714
18.483,0,-10.5,0.60313,0.76428,0.22348
18.575,0,-10.5,0.60275,0.7629,0.22982
18.666,0,-10.5,0.60238,0.76152,0.23616
18.757,0,-10.5,0.60187,0.76002,0.2422
18.849,0,-10.5,0.60132,0.75849,0.24815
18.94,0,-10.5,0.60077,0.75695,0.25411
19.032,0,-10.5,0.60023,0.75542,0.26006
19.124,0,-10.5,0.59968,0.75389,0.26601
19.215,0,-10.5,0.59913,0.75235,0.27196
19.307,0,-10.5,0.59858,0.75082,0.27791
19.398,0,-10.5,0.59802,0.74919,0.28378
19.489,0,-10.5,0.59743,0.74734,0.28947
19.581,0,-10.5,0.59683,0.74549,0.29516
19.672,0,-10.5,0.59624,0.74363,0.30084
19.764,0,-10.5,0.59561,0.74178,0.30654
19.855,0,-10.5,0.59476,0.73995,0.31228
19.947,0,-10.5,0.59391,0.73811,0.31802
20.039,0,-10.5,0.59306,0.73628,0.32376
20.13,0,-10.5,0.59221,0.73444,0.3295
20.222,0,-10.5,0.59136,0.7326,0.33524
20.313,0,-10.5,0.59051,0.73077,0.34098
20.404,0,-10.5,0.58942,0.72899,0.34657
20.496,0,-10.5,0.58827,0.72722,0.35212
20.587,0,-10.5,0.58713,0.72543,0.35759
20.679,0,-10.5,0.58607,0.72353,0.36271
20.771,0,-10.5,0.585,0.72163,0.36783
20.862,0,-10.5,0.58394,0.71973,0.37295
20.954,0,-10.5,0.58287,0.71783,0.37807
21.045,0,-10.5,0.58181,0.71594,0.38319
21.136,0,-10.5,0.58074,0.71404,0.38831
21.228,0,-10.5,0.57968,0.71214,0.39343
21.319,0,-10.5,0.57861,0.71016,0.39864
21.411,0,-10.5,0.57753,0.70813,0.40391
21.502,0,-10.5,0.57646,0.7061,0.40918
21.594,0,-10.5,0.57539,0.70407,0.41445
21.686,0,-10.5,0.57431,0.70204,0.41971
21.777,0,-10.5,0.57324,0.70001,0.42498
21.869,0,-10.5,0.57221,0.69789,0.43006
21.96,0,-10.5,0.57125,0.69565,0.43485
22.051,0,-10.5,0.5703,0.6934,0.43964
22.143,0,-10.5,0.56919,0.69118,0.44446
22.234,0,-10.5,0.56788,0.689,0.44931
22.326,0,-10.5,0.56656,0.68681,0.45416
22.418,0,-10.5,0.56525,0.68462,0.45901
22.509,0,-10.5,0.56393,0.68243,0.46387
22.601,0,-10.5,0.56262,0.68025,0.46872
22.692,0,-10.5,0.5613,0.67806,0.47357
22.783,0,-10.5,0.55999,0.67587,0.47842
22.875,0,-10.5,0.55867,0.67369,0.48308
22.966,0,-10.5,0.55734,0.6715,0.48745
23.058,0,-10.5,0.55601,0.66932,0.49182
23.149,0,-10.5,0.55468,0.66713,0.49619
23.241,0,-10.5,0.55335,0.66495,0.50056
23.333,0,-10.5,0.55202,0.66277,0.50493
23.424,0,-10.5,0.55069,0.66058,0.5093
23.516,0,-10.5,0.54936,0.6584,0.51367
23.607,0,-10.5,0.54803,0.65621,0.51804
23.698,0,-10.5,0.54671,0.65403,0.52241
23.79,0,-10.5,0.54531,0.65183,0.52677
23.881,0,-10.5,0.54382,0.64962,0.53114
23.973,0,-10.5,0.54226,0.64736,0.53513
24.065,0,-10.5,0.5407,0.64509,0.53912
24.156,0,-10.5,0.53915,0.64281,0.54312
24.248,0,-10.5,0.53766,0.64039,0.54723
24.339,0,-10.5,0.53618,0.63797,0.55133
24.43,0,-10.5,0.53469,0.63555,0.55544
24.522,0,-10.5,0.5332,0.63313,0.55955
24.613,0,-10.5,0.53172,0.63071,0.56366
24.705,0,-10.5,0.53023,0.62829,0.56777
24.796,0,-10.5,0.52874,0.62586,0.57187
24.888,0,-10.5,0.52726,0.62344,0.57598
24.98,0,-10.5,0.52577,0.62102,0.58009
25.071,0,-10.5,0.52429,0.6186,0.5842
25.163,0,-10.5,0.5228,0.61618,0.5883
25.254,0,-10.5,0.52136,0.61369,0.5923
25.346,0,-10.5,0.51999,0.61111,0.59615
25.437,0,-10.5,0.51861,0.60854,0.60001
25.528,0,-10.5,0.51724,0.60596,0.60387
25.62,0,-10.5,0.51574,0.60346,0.60754
25.712,0,-10.5,0.51417,0.60101,0.61111
25.803,0,-10.5,0.5126,0.59856,0.61468
25.894,0,-10.5,0.51104,0.59611,0.61825
25.986,0,-10.5,0.50947,0.59366,0.62182
26.077,0,-10.5,0.5079,0.59121,0.62539
26.169,0,-10.5,0.50634,0.58876,0.62896
26.261,0,-10.5,0.50477,0.58631,0.63253
26.352,0,-10.5,0.5032,0.58386,0.63609
26.443,0,-10.5,0.50158,0.58138,0.63973
26.535,0,-10.5,0.49993,0.57889,0.64339
26.627,0,-10.5,0.49829,0.5764,0.64705
26.718,0,-10.5,0.49664,0.57391,0.6507
26.809,0,-10.5,0.495,0.57143,0.65436
26.901,0,-10.5,0.49322,0.56898,0.6578
26.992,0,-10.5,0.49139,0.56657,0.66113
27.084,0,-10.5,0.48965,0.56413,0.66438
27.176,0,-10.5,0.48794,0.56169,0.66762
27.267,0,-10.5,0.48623,0.55925,0.67086
27.358,0,-10.5,0.48452,0.55681,0.6741
27.45,0,-10.5,0.48281,0.55436,0.67734
27.542,0,-10.5,0.48109,0.55192,0.68058
27.633,0,-10.5,0.47938,0.54948,0.68382
27.724,0,-10.5,0.47767,0.54704,0.68706
27.816,0,-10.5,0.47596,0.5446,0.6903
27.907,0,-10.5,0.47423,0.54217,0.6935
27.999,0,-10.5,0.47241,0.53977,0.6965
28.091,0,-10.5,0.4706,0.53737,0.6995
28.182,0,-10.5,0.46878,0.53498,0.7025
28.273,0,-10.5,0.467,0.53252,0.70552
28.365,0,-10.5,0.4653,0.5299,0.70857
28.457,0,-10.5,0.46361,0.52729,0.71162
28.548,0,-10.5,0.46191,0.52468,0.71467
28.64,0,-10.5,0.46021,0.52206,0.71772
28.731,0,-10.5,0.45851,0.51945,0.72077
28.822,0,-10.5,0.45681,0.51683,0.72383
28.914,0,-10.5,0.45508,0.51441,0.7266
29.006,0,-10.5,0.45332,0.51204,0.72929
29.097,0,-10.5,0.45157,0.50968,0.73198
29.188,0,-10.5,0.44982,0.50731,0.73467
29.28,0,-10.5,0.44807,0.50495,0.73736
29.372,0,-10.5,0.44632,0.50259,0.74004
29.463,0,-10.5,0.44456,0.50022,0.74273
29.555,0,-10.5,0.44268,0.49788,0.74543
29.646,0,-10.5,0.44078,0.49554,0.74813
29.737,0,-10.5,0.43888,0.4932,0.75083
29.829,0,-10.5,0.43697,0.49087,0.75353
29.921,0,-10.5,0.43509,0.48851,0.75621
30.012,0,-10.5,0.43334,0.486,0.75873
30.103,0,-10.5,0.4316,0.48349,0.76125
30.195,0,-10.5,0.42985,0.48098,0.76377
30.286,0,-10.5,0.4281,0.47847,0.7663
30.378,0,-10.5,0.42635,0.47596,0.76882
30.47,0,-10.5,0.42461,0.47345,0.77134
30.561,0,-10.5,0.42286,0.47094,0.77387
30.652,0,-10.5,0.42111,0.46843,0.77639
30.744,0,-10.5,0.41936,0.46592,0.77891
30.836,0,-10.5,0.41758,0.46346,0.7814
30.927,0,-10.5,0.41569,0.46114,0.78377
31.018,0,-10.5,0.41381,0.45883,0.78615
31.11,0,-10.5,0.41195,0.45648,0.78849
31.201,0,-10.5,0.41017,0.45402,0.79074
31.293,0,-10.5,0.40839,0.45157,0.79299
31.385,0,-10.5,0.40661,0.44912,0.79524
31.476,0,-10.5,0.40483,0.44667,0.79749
31.567,0,-10.5,0.40305,0.44422,0.79973
31.659,0,-10.5,0.40126,0.44177,0.80198
31.751,0,-10.5,0.39948,0.43931,0.80423
31.842,0,-10.5,0.3977,0.43686,0.80648
31.934,0,-10.5,0.39592,0.43441,0.80873
32.025,0,-10.5,0.39414,0.43196,0.81098
32.116,0,-10.5,0.39225,0.42954,0.8132
32.208,0,-10.5,0.39032,0.42714,0.81541
32.3,0,-10.5,0.38839,0.42474,0.81763
32.391,0,-10.5,0.38646,0.42236,0.81981
32.482,0,-10.5,0.38456,0.42022,0.8217
32.574,0,-10.5,0.38265,0.41807,0.8236
32.666,0,-10.5,0.38075,0.41593,0.8255
32.757,0,-10.5,0.37884,0.41379,0.8274
32.849,0,-10.5,0.37695,0.41159,0.82932
32.94,0,-10.5,0.37507,0.40927,0.83128
33.031,0,-10.5,0.37319,0.40696,0.83325
33.123,0,-10.5,0.37131,0.40464,0.83522
33.215,0,-10.5,0.36943,0.40232,0.83719
33.306,0,-10.5,0.36755,0.40001,0.83916
33.397,0,-10.5,0.36567,0.39769,0.84113
33.489,0,-10.5,0.36379,0.39537,0.84309
33.58,0,-10.5,0.36191,0.39305,0.84506
33.672,0,-10.5,0.36003,0.39074,0.84703
33.764,0,-10.5,0.35817,0.38841,0.84888
33.855,0,-10.5,0.35631,0.38608,0.85065
33.946,0,-10.5,0.35446,0.38375,0.85242
34.038,0,-10.5,0.3526,0.38142,0.85419
34.13,0,-10.5,0.35075,0.37908,0.85596
34.221,0,-10.5,0.34889,0.37675,0.85773
34.312,0,-10.5,0.34704,0.37442,0.8595
34.404,0,-10.5,0.34518,0.37209,0.86127
34.495,0,-10.5,0.34333,0.36976,0.86304
34.587,0,-10.5,0.34147,0.36742,0.86481
34.679,0,-10.5,0.33972,0.36507,0.86653
34.77,0,-10.5,0.33802,0.36272,0.86824
34.861,0,-10.5,0.33632,0.36036,0.86994
34.953,0,-10.5,0.33462,0.358,0.87164
35.045,0,-10.5,0.33284,0.35576,0.87319
35.136,0,-10.5,0.33105,0.35356,0.8747
35.228,0,-10.5,0.32925,0.35135,0.8762
35.319,0,-10.5,0.32745,0.34915,0.87771
35.41,0,-10.5,0.32566,0.34694,0.87921
35.502,0,-10.5,0.32386,0.34474,0.88072
35.594,0,-10.5,0.32206,0.34253,0.88222
35.685,0,-10.5,0.32027,0.34033,0.88373
35.776,0,-10.5,0.31847,0.33812,0.88523
35.868,0,-10.5,0.31666,0.33592,0.88674
35.96,0,-10.5,0.31478,0.33377,0.88826
36.051,0,-10.5,0.3129,0.33161,0.88978
36.143,0,-10.5,0.31102,0.32946,0.8913
36.234,0,-10.5,0.30914,0.3273,0.89282
36.325,0,-10.5,0.30725,0.32516,0.89432
36.417,0,-10.5,0.30534,0.32309,0.89568
36.509,0,-10.5,0.30343,0.32102,0.89703
36.6,0,-10.5,0.30156,0.31894,0.89834
36.691,0,-10.5,0.2997,0.31687,0.89965
36.783,0,-10.5,0.29783,0.31479,0.90096
36.874,0,-10.5,0.29596,0.31271,0.90227
36.966,0,-10.5,0.29409,0.31064,0.90358
37.058,0,-10.5,0.29223,0.30856,0.90489
37.149,0,-10.5,0.29036,0.30648,0.9062
37.24,0,-10.5,0.28849,0.3044,0.90751
37.332,0,-10.5,0.28663,0.30233,0.90883
37.424,0,-10.5,0.28476,0.30025,0.91014
37.515,0,-10.5,0.28289,0.29817,0.91145
37.606,0,-10.5,0.28103,0.2961,0.91276
37.698,0,-10.5,0.27916,0.29402,0.91407
37.789,0,-10.5,0.2773,0.29194,0.91532
37.881,0,-10.5,0.27545,0.28985,0.91649
37.973,0,-10.5,0.2736,0.28776,0.91767
38.064,0,-10.5,0.27177,0.28564,0.91885
38.155,0,-10.5,0.26996,0.28347,0.92003
38.247,0,-10.5,0.26815,0.2813,0.92121
38.339,0,-10.5,0.26634,0.27914,0.92239
38.43,0,-10.5,0.26453,0.27697,0.92357
38.522,0,-10.5,0.26271,0.2748,0.92475
38.613,0,-10.5,0.2609,0.27264,0.92593
38.704,0,-10.5,0.25909,0.27047,0.92711
38.796,0,-10.5,0.25728,0.2683,0.92829
38.888,0,-10.5,0.25548,0.26622,0.92939
38.979,0,-10.5,0.25371,0.26425,0.9304
39.07,0,-10.5,0.25193,0.26227,0.93141
39.162,0,-10.5,0.25016,0.2603,0.93241
39.254,0,-10.5,0.24838,0.25833,0.93342
39.345,0,-10.5,0.24661,0.25636,0.93442
39.437,0,-10.5,0.24482,0.25439,0.93543
39.528,0,-10.5,0.24297,0.25245,0.93643
39.619,0,-10.5,0.24112,0.25052,0.93743
39.711,0,-10.5,0.23927,0.24858,0.93843
39.803,0,-10.5,0.23742,0.24665,0.93943
39.894,0,-10.5,0.23558,0.24471,0.94043
39.985,0,-10.5,0.23373,0.24278,0.94143
40.077,0,-10.5,0.23189,0.24084,0.94242
40.168,0,-10.5,0.23014,0.23884,0.94333
40.26,0,-10.5,0.22839,0.23685,0.94423
40.352,0,-10.5,0.22664,0.23485,0.94513
40.443,0,-10.5,0.22489,0.23286,0.94604
40.534,0,-10.5,0.22314,0.23086,0.94694
40.626,0,-10.5,0.22138,0.22887,0.94784
40.718,0,-10.5,0.21963,0.22687,0.94875
40.809,0,-10.5,0.21788,0.22487,0.94965
40.9,0,-10.5,0.21614,0.22288,0.95055
40.992,0,-10.5,0.21442,0.22085,0.95144
41.083,0,-10.5,0.21272,0.21894,0.9522
41.175,0,-10.5,0.21103,0.21702,0.95296
41.267,0,-10.5,0.20933,0.2151,0.95372
41.358,0,-10.5,0.20764,0.21319,0.95449
41.449,0,-10.5,0.20594,0.21127,0.95525
41.541,0,-10.5,0.20425,0.20935,0.95601
41.633,0,-10.5,0.20255,0.20744,0.95677
41.724,0,-10.5,0.20086,0.20552,0.95754
41.816,0,-10.5,0.19916,0.2036,0.9583
41.907,0,-10.5,0.19746,0.20169,0.95906
41.998,0,-10.5,0.19577,0.19977,0.95982
42.09,0,-10.5,0.19407,0.19785,0.96059
42.182,0,-10.5,0.19238,0.19594,0.96135
42.273,0,-10.5,0.19068,0.19402,0.96211
42.364,0,-10.5,0.18899,0.1921,0.96287
42.456,0,-10.5,0.18729,0.19018,0.96364
42.548,0,-10.5,0.18561,0.18827,0.96439
42.639,0,-10.5,0.18396,0.18635,0.96509
42.731,0,-10.5,0.18225,0.18454,0.96571
42.822,0,-10.5,0.18054,0.18275,0.96633
42.913,0,-10.5,0.17883,0.18096,0.96694
43.005,0,-10.5,0.17711,0.17917,0.96755
43.097,0,-10.5,0.17537,0.1774,0.96818
43.188,0,-10.5,0.17364,0.17562,0.9688
43.279,0,-10.5,0.1719,0.17384,0.96942
43.371,0,-10.5,0.17016,0.17207,0.97004
43.462,0,-10.5,0.16842,0.17029,0.97066
43.554,0,-10.5,0.16668,0.16851,0.97129
43.646,0,-10.5,0.16494,0.16674,0.97191
43.737,0,-10.5,0.1632,0.16496,0.97253
43.828,0,-10.5,0.16146,0.16318,0.97315
43.92,0,-10.5,0.15972,0.16141,0.97378
44.012,0,-10.5,0.15798,0.15963,0.9744
44.103,0,-10.5,0.15624,0.15786,0.97501
44.194,0,-10.5,0.15452,0.15611,0.97555
44.286,0,-10.5,0.15279,0.15437,0.9761
44.377,0,-10.5,0.1511,0.15265,0.97661
44.469,0,-10.5,0.14943,0.15095,0.9771
44.561,0,-10.5,0.14776,0.14924,0.97759
44.652,0,-10.5,0.14609,0.14753,0.97808
44.743,0,-10.5,0.14442,0.14582,0.97858
44.835,0,-10.5,0.14275,0.14412,0.97907
44.927,0,-10.5,0.14108,0.14241,0.97956
45.018,0,-10.5,0.13941,0.1407,0.98005
45.11,0,-10.5,0.13774,0.13899,0.98055
45.201,0,-10.5,0.13607,0.13729,0.98104
45.292,0,-10.5,0.1344,0.13558,0.98153
45.384,0,-10.5,0.13272,0.13388,0.98202
45.476,0,-10.5,0.13102,0.13223,0.98248
45.567,0,-10.5,0.12932,0.13058,0.98293
45.658,0,-10.5,0.12762,0.12893,0.98338
45.75,0,-10.5,0.12595,0.12728,0.98381
45.842,0,-10.5,0.12431,0.12563,0.98421
45.933,0,-10.5,0.12266,0.12398,0.98461
46.025,0,-10.5,0.12102,0.12233,0.985
46.116,0,-10.5,0.11937,0.12068,0.9854
46.207,0,-10.5,0.11773,0.11903,0.9858
46.299,0,-10.5,0.11608,0.11731,0.98621
46.391,0,-10.5,0.11442,0.1156,0.98662
46.482,0,-10.5,0.11277,0.11388,0.98703
46.573,0,-10.5,0.11112,0.11216,0.98744
46.665,0,-10.5,0.10948,0.11048,0.98782
46.757,0,-10.5,0.10788,0.10884,0.98815
46.848,0,-10.5,0.10628,0.1072,0.98849
46.94,0,-10.5,0.10468,0.10556,0.98883
47.031,0,-10.5,0.10306,0.10392,0.98916
47.122,0,-10.5,0.10141,0.10228,0.9895
47.214,0,-10.5,0.099758,0.10065,0.98984
47.306,0,-10.5,0.098105,0.099015,0.99018
47.397,0,-10.5,0.096453,0.09738,0.99052
47.488,0,-10.5,0.0948,0.095745,0.99086
47.58,0,-10.5,0.09318,0.094129,0.99118
47.671,0,-10.5,0.09161,0.092544,0.99145
47.763,0,-10.5,0.09004,0.09096,0.99172
47.855,0,-10.5,0.08847,0.089375,0.99199
47.946,0,-10.5,0.086901,0.087791,0.99226
48.037,0,-10.5,0.085331,0.086206,0.99253
48.129,0,-10.5,0.083761,0.084622,0.99279
48.221,0,-10.5,0.082191,0.083037,0.99306
48.312,0,-10.5,0.080623,0.081437,0.99334
48.403,0,-10.5,0.079056,0.079821,0.99361
48.495,0,-10.5,0.07749,0.078205,0.99388
48.586,0,-10.5,0.075923,0.07659,0.99416
48.678,0,-10.5,0.074352,0.075047,0.99438
48.77,0,-10.5,0.072779,0.073528,0.99458
48.861,0,-10.5,0.071205,0.07201,0.99479
48.952,0,-10.5,0.069632,0.070491,0.99499
49.044,0,-10.5,0.068059,0.068973,0.9952
49.136,0,-10.5,0.066486,0.067454,0.9954
49.227,0,-10.5,0.064913,0.065936,0.99561
49.319,0,-10.5,0.063339,0.064417,0.99581
49.41,0,-10.5,0.061766,0.062899,0.99601
49.501,0,-10.5,0.060187,0.061373,0.99622
49.593,0,-10.5,0.058605,0.059844,0.99642
49.685,0,-10.5,0.057023,0.058314,0.99663
49.776,0,-10.5,0.055441,0.056785,0.99684
49.867,0,-10.5,0.053835,0.055319,0.99701
49.959,0,-10.5,0.052311,0.053836,0.99713
50.05,0,-10.5,0.050789,0.052352,0.99725
50.142,0,-10.5,0.049266,0.050868,0.99737
50.234,0,-10.5,0.047744,0.049383,0.9975
50.325,0,-10.5,0.046222,0.047899,0.99762
50.416,0,-10.5,0.0447,0.046412,0.99774
50.508,0,-10.5,0.043177,0.04491,0.99787
50.599,0,-10.5,0.041654,0.043407,0.998
50.691,0,-10.5,0.040132,0.041904,0.99813
50.783,0,-10.5,0.038609,0.040402,0.99825
50.874,0,-10.5,0.037086,0.038899,0.99838
50.965,0,-10.5,0.035564,0.037397,0.99851
51.057,0,-10.5,0.034041,0.035894,0.99864
51.148,0,-10.5,0.032518,0.034392,0.99876
51.24,0,-10.5,0.030996,0.032889,0.99889
51.332,0,-10.5,0.029473,0.031386,0.99902
51.423,0,-10.5,0.02795,0.029884,0.99915
51.515,0,-10.5,0.026473,0.028398,0.99924
51.606,0,-10.5,0.024995,0.026937,0.9993
51.697,0,-10.5,0.023513,0.025506,0.99935
51.789,0,-10.5,0.022031,0.024075,0.99939
51.881,0,-10.5,0.020549,0.022644,0.99943
51.972,0,-10.5,0.019067,0.021214,0.99947
52.064,0,-10.5,0.01758,0.019781,0.99951
52.155,0,-10.5,0.016082,0.018344,0.99956
52.246,0,-10.5,0.014585,0.016908,0.99961
52.338,0,-10.5,0.013087,0.015471,0.99966
52.429,0,-10.5,0.01159,0.014035,0.9997
52.521,0,-10.5,0.010092,0.012598,0.99975
52.613,0,-10.5,0.0085947,0.011162,0.9998
52.704,0,-10.5,0.0070971,0.0097252,0.99985
52.795,0,-10.5,0.0055996,0.0082887,0.99989
52.887,0,-10.5,0.0041021,0.0068521,0.99994
52.978,0,-10.5,0.0026246,0.0054273,0.99997
53.07,0,-10.5,0.0011829,0.0040233,0.99996
53.162,0,-10.5,-0.00025863,0.0026193,0.99995
53.253,0,-10.5,-0.0017002,0.0012154,0.99993
53.345,0,-10.5,-0.0031417,-0.00018855,0.99992
53.436,0,-10.5,-0.0045756,-0.0016021,0.99991
53.527,0,-10.5,-0.006008,-0.0030176,0.99989
53.619,0,-10.5,-0.0074403,-0.0044331,0.99987
53.711,0,-10.5,-0.0088727,-0.0058487,0.99985
53.802,0,-10.5,-0.010305,-0.0072642,0.99983
53.894,0,-10.5,-0.011737,-0.0086797,0.99982
53.985,0,-10.5,-0.01317,-0.010095,0.9998
54.076,0,-10.5,-0.014602,-0.011511,0.99978
54.168,0,-10.5,-0.016034,-0.012926,0.99976
54.26,0,-10.5,-0.017467,-0.014339,0.99974
54.351,0,-10.5,-0.018915,-0.015693,0.99968
54.443,0,-10.5,-0.020362,-0.017047,0.99961
54.534,0,-10.5,-0.021809,-0.018401,0.99954
54.625,0,-10.5,-0.023256,-0.019754,0.99947
54.717,0,-10.5,-0.024703,-0.021108,0.9994
54.808,0,-10.5,-0.02615,-0.022462,0.99933
54.9,0,-10.5,-0.027597,-0.023816,0.99927
54.992,0,-10.5,-0.029045,-0.02517,0.9992
55.083,0,-10.5,-0.030492,-0.026523,0.99913
55.174,0,-10.5,-0.031939,-0.027877,0.99906
55.266,0,-10.5,-0.033386,-0.029231,0.99899
55.357,0,-10.5,-0.034826,-0.030598,0.99892
55.449,0,-10.5,-0.036218,-0.031958,0.99881
55.541,0,-10.5,-0.037617,-0.03331,0.9987
55.632,0,-10.5,-0.039016,-0.034662,0.99858
55.724,0,-10.5,-0.040414,-0.036014,0.99847
55.815,0,-10.5,-0.041813,-0.037366,0.99835
55.906,0,-10.5,-0.043212,-0.038718,0.99824
55.998,0,-10.5,-0.044611,-0.04007,0.99812
56.09,0,-10.5,-0.046009,-0.041423,0.99801
56.181,0,-10.5,-0.047408,-0.042775,0.99789
56.273,0,-10.5,-0.048807,-0.044127,0.99778
56.364,0,-10.5,-0.050205,-0.045479,0.99767
56.455,0,-10.5,-0.051604,-0.046831,0.99755
56.547,0,-10.5,-0.052997,-0.048179,0.99742
56.638,0,-10.5,-0.054379,-0.049517,0.99726
56.73,0,-10.5,-0.055761,-0.050856,0.9971
56.822,0,-10.5,-0.057143,-0.052194,0.99693
56.913,0,-10.5,-0.058525,-0.053533,0.99677
57.004,0,-10.5,-0.059908,-0.054871,0.99661
57.096,0,-10.5,-0.06129,-0.05621,0.99645
57.187,0,-10.5,-0.062672,-0.057548,0.99628
57.279,0,-10.5,-0.064059,-0.058889,0.99612
57.371,0,-10.5,-0.06546,-0.060235,0.99595
57.462,0,-10.5,-0.066861,-0.061581,0.99579
57.553,0,-10.5,-0.068262,-0.062927,0.99563
57.645,0,-10.5,-0.069663,-0.064274,0.99546
57.736,0,-10.5,-0.071064,-0.06562,0.9953
57.828,0,-10.5,-0.072451,-0.066916,0.99511
57.92,0,-10.5,-0.07383,-0.068181,0.99491
58.011,0,-10.5,-0.075209,-0.069445,0.99472
58.103,0,-10.5,-0.076581,-0.070724,0.99451
58.194,0,-10.5,-0.077933,-0.072044,0.99429
58.285,0,-10.5,-0.079286,-0.073364,0.99407
58.377,0,-10.5,-0.080638,-0.074683,0.99385
58.469,0,-10.5,-0.081991,-0.076003,0.99363
58.56,0,-10.5,-0.083343,-0.077323,0.9934
58.652,0,-10.5,-0.084696,-0.078643,0.99318
58.743,0,-10.5,-0.086048,-0.079963,0.99296
58.834,0,-10.5,-0.087401,-0.081283,0.99274
58.926,0,-10.5,-0.088753,-0.082603,0.99252
59.017,0,-10.5,-0.090106,-0.083922,0.9923
59.109,0,-10.5,-0.091458,-0.085242,0.99208
59.201,0,-10.5,-0.092811,-0.086562,0.99185
59.292,0,-10.5,-0.094163,-0.087882,0.99163
59.383,0,-10.5,-0.09552,-0.089188,0.99139
59.475,0,-10.5,-0.096879,-0.090484,0.99114
59.566,0,-10.5,-0.098238,-0.09178,0.99089
59.658,0,-10.5,-0.099597,-0.093076,0.99063
59.75,0,-10.5,-0.10094,-0.094372,0.99037
59.841,0,-10.5,-0.10227,-0.09567,0.99009
59.933,0,-10.5,-0.1036,-0.096967,0.98981
60.024,0,-10.5,-0.10493,-0.098264,0.98953
60.115,0,-10.5,-0.10626,-0.099562,0.98925
60.207,0,-10.5,-0.10759,-0.10086,0.98898
60.299,0,-10.5,-0.10892,-0.10216,0.9887
60.39,0,-10.5,-0.11025,-0.10345,0.98842
60.482,0,-10.5,-0.11158,-0.10475,0.98814
60.573,0,-10.5,-0.11291,-0.10605,0.98786
60.664,0,-10.5,-0.11424,-0.10735,0.98758
60.756,0,-10.5,-0.11557,-0.10864,0.9873
60.848,0,-10.5,-0.1169,-0.10994,0.98702
60.939,0,-10.5,-0.11822,-0.11124,0.9867
61.031,0,-10.5,-0.11955,-0.11254,0.98638
61.122,0,-10.5,-0.12088,-0.11384,0.98606
61.213,0,-10.5,-0.12221,-0.11514,0.98574
61.305,0,-10.5,-0.12353,-0.11644,0.98542
61.396,0,-10.5,-0.12486,-0.11774,0.9851
61.488,0,-10.5,-0.12619,-0.11904,0.98478
61.58,0,-10.5,-0.12751,-0.12034,0.98445
61.671,0,-10.5,-0.12883,-0.12163,0.98412
61.762,0,-10.5,-0.13015,-0.12292,0.98378
61.854,0,-10.5,-0.13147,-0.12422,0.98344
61.945,0,-10.5,-0.13278,-0.12551,0.98311
62.037,0,-10.5,-0.1341,-0.1268,0.98277
62.129,0,-10.5,-0.13542,-0.1281,0.98244
62.22,0,-10.5,-0.13674,-0.12939,0.9821
62.312,0,-10.5,-0.13807,-0.13066,0.98173
62.403,0,-10.5,-0.1394,-0.13192,0.98136
62.494,0,-10.5,-0.14073,-0.13319,0.98099
62.586,0,-10.5,-0.14206,-0.13445,0.98062
62.678,0,-10.5,-0.14339,-0.13571,0.98024
62.769,0,-10.5,-0.14473,-0.13698,0.97987
62.861,0,-10.5,-0.14606,-0.13824,0.9795
62.952,0,-10.5,-0.14739,-0.13951,0.97913
63.043,0,-10.5,-0.14872,-0.14077,0.97875
63.135,0,-10.5,-0.15005,-0.14203,0.97838
63.226,0,-10.5,-0.15138,-0.1433,0.97801
63.318,0,-10.5,-0.15267,-0.14462,0.97762
63.41,0,-10.5,-0.15395,-0.14596,0.97722
63.501,0,-10.5,-0.15524,-0.14728,0.97683
63.592,0,-10.5,-0.15652,-0.14856,0.97641
63.684,0,-10.5,-0.15781,-0.14983,0.97599
63.775,0,-10.5,-0.1591,-0.1511,0.97557
63.867,0,-10.5,-0.16039,-0.15238,0.97516
63.959,0,-10.5,-0.16168,-0.15365,0.97474
64.05,0,-10.5,-0.16299,-0.15494,0.97432
64.141,0,-10.5,-0.1643,-0.15623,0.97389
64.233,0,-10.5,-0.16562,-0.15751,0.97347
64.324,0,-10.5,-0.16693,-0.1588,0.97305
64.416,0,-10.5,-0.16824,-0.16009,0.97262
64.508,0,-10.5,-0.16955,-0.16137,0.9722
64.599,0,-10.5,-0.17086,-0.16268,0.97176
64.691,0,-10.5,-0.17215,-0.16403,0.97129
64.782,0,-10.5,-0.17345,-0.16538,0.97081
64.873,0,-10.5,-0.17474,-0.16673,0.97033
64.965,0,-10.5,-0.17604,-0.16809,0.96985
65.057,0,-10.5,-0.17733,-0.16944,0.96938
65.148,0,-10.5,-0.17863,-0.17079,0.9689
65.24,0,-10.5,-0.17992,-0.17214,0.96842
65.331,0,-10.5,-0.18122,-0.17349,0.96795
65.422,0,-10.5,-0.18251,-0.17484,0.96747
65.514,0,-10.5,-0.18381,-0.1762,0.96699
65.605,0,-10.5,-0.1851,-0.17754,0.96651
65.697,0,-10.5,-0.18638,-0.17885,0.96603
65.789,0,-10.5,-0.18767,-0.18017,0.96554
65.88,0,-10.5,-0.18895,-0.18148,0.96505
65.971,0,-10.5,-0.19022,-0.18279,0.96453
66.063,0,-10.5,-0.1915,-0.18409,0.96401
66.154,0,-10.5,-0.19277,-0.1854,0.96349
66.246,0,-10.5,-0.19404,-0.1867,0.96297
66.338,0,-10.5,-0.19532,-0.18801,0.96245
66.429,0,-10.5,-0.19659,-0.18931,0.96192
66.521,0,-10.5,-0.19786,-0.19062,0.9614
66.612,0,-10.5,-0.19913,-0.19194,0.96088
66.703,0,-10.5,-0.20041,-0.19326,0.96036
66.795,0,-10.5,-0.20168,-0.19458,0.95984
66.887,0,-10.5,-0.20296,-0.1959,0.95932
66.978,0,-10.5,-0.20423,-0.19722,0.9588
67.07,0,-10.5,-0.2055,-0.19854,0.95828
67.161,0,-10.5,-0.20678,-0.19987,0.95775
67.252,0,-10.5,-0.20806,-0.20123,0.95717
67.344,0,-10.5,-0.20934,-0.2026,0.95659
67.435,0,-10.5,-0.21062,-0.20396,0.956
67.527,0,-10.5,-0.21192,-0.20537,0.9554
67.619,0,-10.5,-0.21322,-0.20678,0.9548
67.71,0,-10.5,-0.21451,-0.20818,0.95419
67.801,0,-10.5,-0.21581,-0.20959,0.95359
67.893,0,-10.5,-0.21711,-0.211,0.95298
67.984,0,-10.5,-0.21841,-0.21241,0.95238
68.076,0,-10.5,-0.21971,-0.21381,0.95177
68.168,0,-10.5,-0.22101,-0.21522,0.95117
68.259,0,-10.5,-0.22231,-0.21663,0.95057
68.35,0,-10.5,-0.2236,-0.21804,0.94996
68.442,0,-10.5,-0.22489,-0.21943,0.94932
68.533,0,-10.5,-0.22617,-0.22081,0.94867
68.625,0,-10.5,-0.22745,-0.2222,0.94801
68.717,0,-10.5,-0.22873,-0.22358,0.94736
68.808,0,-10.5,-0.23001,-0.22497,0.94671
68.9,0,-10.5,-0.23129,-0.22635,0.94605
68.991,0,-10.5,-0.23256,-0.22774,0.9454
69.082,0,-10.5,-0.23384,-0.22913,0.94475
69.174,0,-10.5,-0.23512,-0.23051,0.9441
69.266,0,-10.5,-0.2364,-0.2319,0.94344
69.357,0,-10.5,-0.23766,-0.23334,0.94279
69.449,0,-10.5,-0.23892,-0.23479,0.94213
69.54,0,-10.5,-0.24017,-0.23624,0.94147
69.631,0,-10.5,-0.24143,-0.23769,0.94082
69.723,0,-10.5,-0.24268,-0.23914,0.94016
69.814,0,-10.5,-0.24395,-0.24056,0.93945
69.906,0,-10.5,-0.24522,-0.24198,0.93873
69.998,0,-10.5,-0.2465,-0.24341,0.93802
70.089,0,-10.5,-0.24777,-0.24483,0.9373
70.18,0,-10.5,-0.24904,-0.24625,0.93658
70.272,0,-10.5,-0.25031,-0.24769,0.93586
70.363,0,-10.5,-0.2516,-0.24916,0.93513
70.455,0,-10.5,-0.25288,-0.25064,0.93439
70.547,0,-10.5,-0.25417,-0.25211,0.93365
70.638,0,-10.5,-0.25545,-0.25359,0.93291
70.73,0,-10.5,-0.25673,-0.25506,0.93218
70.821,0,-10.5,-0.25802,-0.25654,0.93144
70.912,0,-10.5,-0.2593,-0.25804,0.93066
71.004,0,-10.5,-0.26059,-0.25957,0.92985
71.096,0,-10.5,-0.26187,-0.2611,0.92904
71.187,0,-10.5,-0.26316,-0.26263,0.92822
71.279,0,-10.5,-0.26444,-0.26416,0.92741
71.37,0,-10.5,-0.26573,-0.2657,0.92659
71.461,0,-10.5,-0.26701,-0.26729,0.92576
71.553,0,-10.5,-0.26829,-0.26888,0.92493
71.645,0,-10.5,-0.26958,-0.27046,0.9241
71.736,0,-10.5,-0.27086,-0.27205,0.92327
71.828,0,-10.5,-0.27214,-0.27364,0.92244
71.919,0,-10.5,-0.27342,-0.27523,0.92161
72.01,0,-10.5,-0.27471,-0.27681,0.92078
72.102,0,-10.5,-0.27599,-0.2784,0.91995
72.193,0,-10.5,-0.27731,-0.27996,0.91905
72.285,0,-10.5,-0.27863,-0.28151,0.91815
72.377,0,-10.5,-0.27995,-0.28306,0.91726
72.468,0,-10.5,-0.28127,-0.28461,0.91636
72.559,0,-10.5,-0.28259,-0.28616,0.91546
72.651,0,-10.5,-0.28391,-0.28771,0.91456
72.742,0,-10.5,-0.28524,-0.28927,0.91366
72.834,0,-10.5,-0.28656,-0.29082,0.91276
72.926,0,-10.5,-0.28788,-0.29237,0.91186
73.017,0,-10.5,-0.2892,-0.29392,0.91096
73.109,0,-10.5,-0.29052,-0.29548,0.91006
73.2,0,-10.5,-0.29185,-0.29706,0.90914
73.291,0,-10.5,-0.29317,-0.29864,0.9082
73.383,0,-10.5,-0.29449,-0.30025,0.90721
73.475,0,-10.5,-0.2958,-0.30188,0.90621
73.566,0,-10.5,-0.29709,-0.30355,0.90521
73.658,0,-10.5,-0.29837,-0.30522,0.90421
73.749,0,-10.5,-0.29966,-0.30689,0.9032
73.84,0,-10.5,-0.30095,-0.30856,0.9022
73.932,0,-10.5,-0.30224,-0.31023,0.9012
74.023,0,-10.5,-0.30353,-0.3119,0.9002
74.115,0,-10.5,-0.30481,-0.31357,0.89919
74.207,0,-10.5,-0.3061,-0.31524,0.89819
74.298,0,-10.5,-0.30739,-0.31691,0.89719
74.389,0,-10.5,-0.30868,-0.31858,0.89619
74.481,0,-10.5,-0.30997,-0.32025,0.89517
74.572,0,-10.5,-0.31128,-0.32194,0.89407
74.664,0,-10.5,-0.3126,-0.32363,0.89298
74.756,0,-10.5,-0.31391,-0.32532,0.89188
74.847,0,-10.5,-0.31522,-0.32701,0.89079
74.938,0,-10.5,-0.31654,-0.3287,0.88969
75.03,0,-10.5,-0.31785,-0.33039,0.88859
75.121,0,-10.5,-0.31916,-0.33207,0.8875
75.213,0,-10.5,-0.32048,-0.33376,0.8864
75.305,0,-10.5,-0.32179,-0.33545,0.88531
75.396,0,-10.5,-0.3231,-0.33714,0.88421
75.488,0,-10.5,-0.32441,-0.33883,0.88312
75.579,0,-10.5,-0.32572,-0.3406,0.88198
75.67,0,-10.5,-0.32705,-0.3424,0.88074
75.762,0,-10.5,-0.32834,-0.34427,0.8795
75.854,0,-10.5,-0.32964,-0.34614,0.87826
75.945,0,-10.5,-0.33093,-0.34801,0.87702
76.037,0,-10.5,-0.33222,-0.34987,0.87578
76.128,0,-10.5,-0.33351,-0.35174,0.87454
76.219,0,-10.5,-0.33481,-0.35361,0.8733
76.311,0,-10.5,-0.3361,-0.35548,0.87206
76.402,0,-10.5,-0.33739,-0.35735,0.87081
76.494,0,-10.5,-0.33868,-0.35921,0.86957
76.586,0,-10.5,-0.33997,-0.36108,0.86833
76.677,0,-10.5,-0.34132,-0.36292,0.86702
76.768,0,-10.5,-0.34268,-0.36475,0.86568
76.86,0,-10.5,-0.34404,-0.36658,0.86435
76.951,0,-10.5,-0.34539,-0.36841,0.86301
77.043,0,-10.5,-0.34675,-0.37024,0.86168
77.135,0,-10.5,-0.34811,-0.37207,0.86034
77.226,0,-10.5,-0.34947,-0.3739,0.85901
77.318,0,-10.5,-0.35082,-0.37575,0.85766
77.409,0,-10.5,-0.35213,-0.37769,0.85628
77.5,0,-10.5,-0.35344,-0.37964,0.8549
77.592,0,-10.5,-0.35474,-0.38158,0.85353
77.684,0,-10.5,-0.35606,-0.38354,0.85209
77.775,0,-10.5,-0.35738,-0.38551,0.8506
77.867,0,-10.5,-0.3587,-0.38749,0.84911
77.958,0,-10.5,-0.36002,-0.38946,0.84762
78.049,0,-10.5,-0.36134,-0.39144,0.84613
78.141,0,-10.5,-0.36266,-0.39342,0.84464
78.233,0,-10.5,-0.36395,-0.39546,0.84313
78.324,0,-10.5,-0.36523,-0.3975,0.84162
78.416,0,-10.5,-0.36652,-0.39955,0.84012
78.507,0,-10.5,-0.3678,-0.40159,0.83861
78.598,0,-10.5,-0.36908,-0.40364,0.83711
78.69,0,-10.5,-0.37037,-0.40568,0.8356
78.781,0,-10.5,-0.37167,-0.40783,0.8339
78.873,0,-10.5,-0.37298,-0.40998,0.83219
78.965,0,-10.5,-0.37428,-0.41213,0.83048
79.056,0,-10.5,-0.37559,-0.41429,0.82877
79.147,0,-10.5,-0.37689,-0.41644,0.82705
79.239,0,-10.5,-0.3782,-0.41859,0.82534
79.33,0,-10.5,-0.3795,-0.42075,0.82363
79.422,0,-10.5,-0.38081,-0.4229,0.82192
79.514,0,-10.5,-0.38211,-0.42505,0.8202
79.605,0,-10.5,-0.38342,-0.42721,0.81849
79.697,0,-10.5,-0.38472,-0.42936,0.81678
79.788,0,-10.5,-0.38603,-0.43151,0.81507
79.879,0,-10.5,-0.38733,-0.43367,0.81335
79.971,0,-10.5,-0.38864,-0.43581,0.81165
80.063,0,-10.5,-0.38995,-0.43791,0.80996
80.154,0,-10.5,-0.39125,-0.44001,0.80827
80.246,0,-10.5,-0.39254,-0.44226,0.80635
80.337,0,-10.5,-0.39382,-0.44455,0.80439
80.428,0,-10.5,-0.39509,-0.4469,0.80235
80.52,0,-10.5,-0.39635,-0.44925,0.80031
80.611,0,-10.5,-0.39762,-0.4516,0.79827
80.703,0,-10.5,-0.39888,-0.45395,0.79623
80.795,0,-10.5,-0.40015,-0.4563,0.79419
80.886,0,-10.5,-0.40142,-0.45866,0.79215
80.977,0,-10.5,-0.40268,-0.46101,0.79012
81.069,0,-10.5,-0.40396,-0.46334,0.78809
81.16,0,-10.5,-0.40526,-0.46565,0.78607
81.252,0,-10.5,-0.40656,-0.46796,0.78406
81.344,0,-10.5,-0.40786,-0.47027,0.78205
81.435,0,-10.5,-0.40916,-0.47258,0.78003
81.526,0,-10.5,-0.41046,-0.47489,0.77802
81.618,0,-10.5,-0.41177,-0.4772,0.77601
81.709,0,-10.5,-0.41307,-0.4795,0.77399
81.801,0,-10.5,-0.41437,-0.48181,0.77198
81.893,0,-10.5,-0.41567,-0.48416,0.76985
81.984,0,-10.5,-0.41698,-0.48659,0.76754
82.076,0,-10.5,-0.4183,-0.48902,0.76522
82.167,0,-10.5,-0.41961,-0.49145,0.7629
82.258,0,-10.5,-0.42091,-0.49391,0.7605
82.35,0,-10.5,-0.42222,-0.49638,0.75809
82.442,0,-10.5,-0.42352,-0.49885,0.75568
82.533,0,-10.5,-0.42482,-0.50132,0.75327
82.625,0,-10.5,-0.42613,-0.50378,0.75086
82.716,0,-10.5,-0.42743,-0.50625,0.74845
82.807,0,-10.5,-0.42874,-0.50872,0.74604
82.899,0,-10.5,-0.43004,-0.51119,0.74363
82.99,0,-10.5,-0.43134,-0.51365,0.74123
83.082,0,-10.5,-0.43265,-0.51612,0.73882
83.174,0,-10.5,-0.43395,-0.51859,0.73641
83.265,0,-10.5,-0.43526,-0.52106,0.734
83.356,0,-10.5,-0.43656,-0.52352,0.73159
83.448,0,-10.5,-0.4378,-0.52612,0.72887
83.539,0,-10.5,-0.43904,-0.52874,0.72612
83.631,0,-10.5,-0.44028,-0.53135,0.72337
83.723,0,-10.5,-0.44152,-0.53396,0.72061
83.814,0,-10.5,-0.44275,-0.53658,0.71786
83.906,0,-10.5,-0.44399,-0.53919,0.71511
83.997,0,-10.5,-0.44523,-0.5418,0.71236
84.088,0,-10.5,-0.44646,-0.54442,0.7096
84.18,0,-10.5,-0.4477,-0.54703,0.70685
84.272,0,-10.5,-0.44893,-0.54965,0.7041
84.363,0,-10.5,-0.45012,-0.55236,0.70133
84.455,0,-10.5,-0.4513,-0.55507,0.69856
84.546,0,-10.5,-0.45249,-0.55778,0.69579
84.637,0,-10.5,-0.45364,-0.56054,0.69267
84.729,0,-10.5,-0.45478,-0.56331,0.68954
84.82,0,-10.5,-0.45593,-0.56607,0.6864
84.912,0,-10.5,-0.45708,-0.56884,0.68327
85.004,0,-10.5,-0.45823,-0.5716,0.68014
85.095,0,-10.5,-0.45938,-0.57437,0.67701
85.186,0,-10.5,-0.46053,-0.57713,0.67387
85.278,0,-10.5,-0.46167,-0.57989,0.67074
85.369,0,-10.5,-0.46282,-0.58267,0.66761
85.461,0,-10.5,-0.46395,-0.58547,0.66447
85.553,0,-10.5,-0.46508,-0.58826,0.66133
85.644,0,-10.5,-0.46621,-0.59106,0.65819
85.735,0,-10.5,-0.46728,-0.59391,0.65483
85.827,0,-10.5,-0.46836,-0.59677,0.65121
85.918,0,-10.5,-0.46944,-0.59963,0.64756
86.01,0,-10.5,-0.47052,-0.60249,0.6439
86.102,0,-10.5,-0.4716,-0.60536,0.64024
86.193,0,-10.5,-0.47268,-0.60822,0.63659
86.285,0,-10.5,-0.47376,-0.61108,0.63293
86.376,0,-10.5,-0.47484,-0.61395,0.62928
86.467,0,-10.5,-0.47592,-0.61681,0.62562
86.559,0,-10.5,-0.477,-0.61968,0.62197
86.651,0,-10.5,-0.47808,-0.62256,0.61832
86.742,0,-10.5,-0.47915,-0.62543,0.61468
86.834,0,-10.5,-0.48022,-0.62831,0.61103
86.925,0,-10.5,-0.48129,-0.63119,0.60739
87.016,0,-10.5,-0.48237,-0.63407,0.60374
87.108,0,-10.5,-0.48344,-0.63695,0.6001
87.199,0,-10.5,-0.48451,-0.63982,0.59645
87.291,0,-10.5,-0.48545,-0.64276,0.59253
87.383,0,-10.5,-0.48611,-0.64585,0.58836
87.474,0,-10.5,-0.48676,-0.64895,0.58417
87.565,0,-10.5,-0.48741,-0.65205,0.57999
87.657,0,-10.5,-0.48806,-0.65516,0.5758
87.748,0,-10.5,-0.48871,-0.65826,0.57162
87.84,0,-10.5,-0.48936,-0.66136,0.56743
87.932,0,-10.5,-0.49,-0.66446,0.56325
88.023,0,-10.5,-0.49065,-0.66756,0.55906
88.115,0,-10.5,-0.4913,-0.67066,0.55487
88.206,0,-10.5,-0.49195,-0.67376,0.55069
88.297,0,-10.5,-0.4926,-0.67686,0.5465
88.389,0,-10.5,-0.49325,-0.67997,0.54232
88.481,0,-10.5,-0.49393,-0.68302,0.53793
88.572,0,-10.5,-0.49464,-0.68604,0.53333
88.664,0,-10.5,-0.49513,-0.68908,0.52867
88.755,0,-10.5,-0.49559,-0.69213,0.52399
88.846,0,-10.5,-0.49604,-0.69518,0.51931
88.938,0,-10.5,-0.4965,-0.69823,0.51464
89.03,0,-10.5,-0.49696,-0.70128,0.50996
89.121,0,-10.5,-0.49742,-0.70433,0.50528
89.213,0,-10.5,-0.49787,-0.70737,0.50061
89.304,0,-10.5,-0.49833,-0.71042,0.49593
89.395,0,-10.5,-0.49879,-0.71347,0.49126
89.487,0,-10.5,-0.49925,-0.71652,0.48658
89.578,0,-10.5,-0.49934,-0.71966,0.48176
89.67,0,-10.5,-0.49936,-0.72283,0.47691
89.762,0,-10.5,-0.49938,-0.72599,0.47206
89.853,0,-10.5,-0.49939,-0.72915,0.46721
89.944,0,-10.5,-0.49941,-0.73232,0.46236
90.036,0,-10.5,-0.49943,-0.73548,0.45751
90.127,0,-10.5,-0.49909,-0.73863,0.45274
90.219,0,-10.5,-0.49823,-0.74175,0.44809
90.311,0,-10.5,-0.49737,-0.74487,0.44344
90.402,0,-10.5,-0.49651,-0.74799,0.43879
90.494,0,-10.5,-0.49565,-0.75111,0.43414
90.585,0,-10.5,-0.49479,-0.75423,0.42949
90.676,0,-10.5,-0.49393,-0.75736,0.42484
90.768,0,-10.5,-0.49307,-0.76048,0.42019
90.86,0,-10.5,-0.49221,-0.7636,0.41554
90.951,0,-10.5,-0.49135,-0.76672,0.41089
91.043,0,-10.5,-0.49049,-0.76984,0.40624
91.134,0,-10.5,-0.48963,-0.77297,0.40159
91.225,0,-10.5,-0.48877,-0.77609,0.39694
91.317,0,-10.5,-0.48791,-0.77921,0.39229
91.408,0,-10.5,-0.48705,-0.78233,0.38764
91.5,0,-10.5,-0.48619,-0.78545,0.38299
